key	bucket	priority	role	complexity	sources
AverageBarOverlapWindow	bar_anatomy_inside_outside	A	Entry	simple	T15-41,TP3-27
BarOverlapFraction	bar_anatomy_inside_outside	A	Entry	trivial	RP4-05,TP3-05,T21-03
BarOverlapIncreasing	bar_anatomy_inside_outside	A	Entry	trivial	R11-03
BarOverlapWithPriorRange	bar_anatomy_inside_outside	A	Entry	simple	R00-17
ConsecutiveInsideBars	bar_anatomy_inside_outside	A	Entry	trivial	R00-07,R00-08,R28-05,R28-46,V00-04,T00-06,T06-10,T06-11,T10-17,T15-60
InsideBarInclusive	bar_anatomy_inside_outside	A	Entry	trivial	R00-03,V00-03,T00-04,T07-05
InsideBodyBar	bar_anatomy_inside_outside	A	Entry	trivial	R03-13,V22-05
IoiPattern	bar_anatomy_inside_outside	A	Entry	trivial	R00-09,V00-07,T06-12,T06-13,T07-19
LargeOrCentredIoiInsideBar	bar_anatomy_inside_outside	A	Entry	trivial	T07-21
LargeOutsideBar	bar_anatomy_inside_outside	A	Entry	simple	T07-10
NarrowRangeBar	bar_anatomy_inside_outside	A	Entry	simple	R04-08
OioPattern	bar_anatomy_inside_outside	A	Entry	trivial	R00-10,V00-09,T00-07
OutsideBar	bar_anatomy_inside_outside	A	Entry	trivial	R00-04,V00-05,T00-05,T07-01,V09-04,V16-06,T07-34,R00-06,T21-68
OutsideBarCounterTrend	bar_anatomy_inside_outside	B	Entry	moderate	T07-24
OutsideBarInMidRange	bar_anatomy_inside_outside	A	Entry	simple	T07-15
OutsideBarWithoutPriorSignalBar	bar_anatomy_inside_outside	B	Entry	trivial	T07-13
PauseBarNoNewExtreme	bar_anatomy_inside_outside	A	Entry	trivial	R00-13
SessionOpenNoPauseRun	bar_anatomy_inside_outside	B	Entry	moderate	T23-16
SpikePauseBar	bar_anatomy_inside_outside	A	Entry	trivial	R07-01,T21-06
ThinAreaLowBarOverlap	bar_anatomy_inside_outside	A	Entry	simple	R08-18
AverageUpperTailFraction	bar_anatomy_reversal_signal	A	Entry	simple	TP3-26
BarRangeBelowAverageMultiple	bar_anatomy_reversal_signal	A	Entry	simple	RP4-10
BreakoutBarLargeBodyLargeRange	bar_anatomy_reversal_signal	A	Entry	simple	T00-26
BullReversalBarAtNewLow	bar_anatomy_reversal_signal	A	Entry	simple	R05-03,R09-01,T10-02
BullReversalBarShape	bar_anatomy_reversal_signal	A	Entry	trivial	VP1-02,V02-01
BullReversalBarWithTail	bar_anatomy_reversal_signal	A	Entry	trivial	T04-06,T06-19,T07-03,TP4-09
CloseAboveMidpoint	bar_anatomy_reversal_signal	D	Entry	trivial	R03-11
CloseInRangePosition	bar_anatomy_reversal_signal	A	Entry	simple	V02-37
CloseNearBarExtreme	bar_anatomy_reversal_signal	A	Entry	trivial	V00-46,T06-22,V02-08
ExcessiveOverlapMidpointFilter	bar_anatomy_reversal_signal	C	Entry	trivial	T05-08
ExhaustionBarAfterLargeTrendBar	bar_anatomy_reversal_signal	A	Entry	trivial	T21-60
FailedReversalAttempt	bar_anatomy_reversal_signal	C	Entry	hard	R09-02
FailedSignalReversalEntry	bar_anatomy_reversal_signal	C	Entry	research	T12-01,T12-02
GrowingTopTails	bar_anatomy_reversal_signal	A	Entry	trivial	R11-02
LargeOppositeTailWeakensReversal	bar_anatomy_reversal_signal	A	Entry	trivial	T05-10
LowHoldsPriorClose	bar_anatomy_reversal_signal	A	Entry	trivial	V02-06
NearMissLevelReversal	bar_anatomy_reversal_signal	A	Entry	simple	V16-04
NoGapThroughSignalBarStop	bar_anatomy_reversal_signal	A	Entry	trivial	R18-06
OpenNearHighCloseNearLow	bar_anatomy_reversal_signal	A	Entry	trivial	R19-05
PriorHighBreakoutEntry	bar_anatomy_reversal_signal	D	Entry	trivial	T04-01
PriorHighBreakoutWithOffset	bar_anatomy_reversal_signal	A	Entry	trivial	T04-14
PullbackEndReversalBar	bar_anatomy_reversal_signal	B	Entry	moderate	V02-23
PullbackNotAfterStrongOppositeReversalBar	bar_anatomy_reversal_signal	A	Entry	moderate	V02-15
RecentDirectionalPressureConfirmation	bar_anatomy_reversal_signal	B	Entry	moderate	RP4-16
ReversalBarFailure	bar_anatomy_reversal_signal	A	Entry	trivial	T04-07,T06-20,T06-21
ReversalBarLowOverlap	bar_anatomy_reversal_signal	A	Entry	trivial	V00-33,T00-42,T05-04
ReversalBarMinimum	bar_anatomy_reversal_signal	A	Entry	trivial	R00-15,V00-30,T00-39,T05-01
ReversalBarOpenNearPriorClose	bar_anatomy_reversal_signal	A	Entry	trivial	V00-31,T00-40,T05-02
ReversalBarReversesPriorBars	bar_anatomy_reversal_signal	A	Entry	simple	T05-05,V00-35,V03-16
ReversalBarStrongerThanBreakoutBar	bar_anatomy_reversal_signal	A	Entry	simple	T15-42
ReversalBarTailFraction	bar_anatomy_reversal_signal	A	Entry	trivial	R00-16,V00-32,T00-41,T05-03
SecondReversalSignal	bar_anatomy_reversal_signal	B	Entry	moderate	V02-20,T10-03
ShavedBodyTop	bar_anatomy_reversal_signal	A	Entry	trivial	R00-12
ShavedBothEnds	bar_anatomy_reversal_signal	A	Entry	trivial	T04-09
SignalBarBodyMatchesTradeDirection	bar_anatomy_reversal_signal	A	Entry	trivial	R01-10,V24-02
SignalBarQualityRequiredCountertrendOnly	bar_anatomy_reversal_signal	C	Entry	research	T04-13,V16-08,T23-10
SmallBodyLargeOppositeTailBar	bar_anatomy_reversal_signal	A	Entry	trivial	R02-18,R03-12
SmallTailsBar	bar_anatomy_reversal_signal	A	Entry	trivial	T02-15,T19-02,TP3-06
SmallTickFailedBreakoutReversal	bar_anatomy_reversal_signal	A	Entry	trivial	V00-24,R24-01
SmallWeakSignalBarBlock	bar_anatomy_reversal_signal	A	Entry	simple	T05-11
StopRunReversalBar	bar_anatomy_reversal_signal	A	Entry	simple	RP4-03
StrongBodyBarCountInWindow	bar_anatomy_reversal_signal	A	Entry	simple	T05-18
StrongBullReversalBarComposite	bar_anatomy_reversal_signal	B	Entry	moderate	T00-44
TwoBarReversal	bar_anatomy_reversal_signal	A	Entry	trivial	R05-13,R08-21,T06-05,T11-05,T21-80
TwoBarReversalAtNewExtreme	bar_anatomy_reversal_signal	A	Entry	simple	V01-07,V24-06
TwoBarReversalBreakoutEntry	bar_anatomy_reversal_signal	A	Entry	trivial	T06-06,T15-48,V09-05
TwoBarReversalContinuationFade	bar_anatomy_reversal_signal	C	Entry	moderate	T06-07
TwoBarReversalFadeInChannel	bar_anatomy_reversal_signal	C	Entry	moderate	R28-37
UpperTailCountInWindow	bar_anatomy_reversal_signal	A	Entry	simple	T15-29
WeakSignalBarClosePosition	bar_anatomy_reversal_signal	D	Entry	trivial	R26-09,R28-24
AlwaysInDirectionFilter	bar_anatomy_trend_doji	C	Entry	research	T03-13
AverageTailFractionBelow	bar_anatomy_trend_doji	A	Entry	simple	T00-29
BarRangeAboveAtrMultiple	bar_anatomy_trend_doji	A	Entry	simple	T02-06,T07-04,T11-03,T13-06,T19-08
BarRangeHighestOfWindow	bar_anatomy_trend_doji	A	Entry	simple	T07-27
BodyAboveAverageMultiple	bar_anatomy_trend_doji	A	Entry	simple	T02-05
BullBearBodyDominanceInWindow	bar_anatomy_trend_doji	A	Entry	simple	V00-47
BuyOppositeColorBarAfterTrendBarRun	bar_anatomy_trend_doji	B	Entry	moderate	R28-20,T18-11
ClimaxBarAfterTrendRunExit	bar_anatomy_trend_doji	A	Exit	simple	T10-13
ConsecutiveClimaxBars	bar_anatomy_trend_doji	B	Entry	moderate	T21-38
ConsecutiveStrongTrendBars	bar_anatomy_trend_doji	B	Entry	moderate	V15-03,V15-01,V16-01
ConsecutiveTrendBars	bar_anatomy_trend_doji	A	Entry	simple	R08-19,RP4-04,T02-08,T10-05,T11-02,T15-51,T15-52,TP1-08
ConsecutiveTrendBarsClimaxExit	bar_anatomy_trend_doji	A	Exit	simple	R00-49,R08-20
CounterColorTrendBarClosingBelowEma	bar_anatomy_trend_doji	B	Entry	moderate	T18-19
DojiAfterLargeOppositeTrendBar	bar_anatomy_trend_doji	B	Entry	simple	T10-12
DojiBar	bar_anatomy_trend_doji	A	Entry	trivial	R00-02,R03-06,R08-03,R11-04,T00-03,TP1-02,T02-02,T10-11,T15-02,T21-04,V00-02,V25-07,R32-05,T06-15,TP3-20
DojiCountInWindow	bar_anatomy_trend_doji	A	Entry	simple	T16-11,T21-33
FadeSmallBarAtTightRangeExtreme	bar_anatomy_trend_doji	C	Entry	research	R03-09,R22-12
FirstBarDojiInsidePriorClosingRange	bar_anatomy_trend_doji	B	Entry	moderate	V19-07
FirstBarOfSessionDoji	bar_anatomy_trend_doji	B	Entry	moderate	R21-15,VP3-04
FirstBarOfSessionTrendBar	bar_anatomy_trend_doji	B	Entry	moderate	V17-02
FirstBarSessionTrendBarFailureReversal	bar_anatomy_trend_doji	B	Entry	moderate	V17-03
LargeBarCountInWindow	bar_anatomy_trend_doji	A	Entry	simple	T00-30
LargeTrendBarCountInWindow	bar_anatomy_trend_doji	A	Entry	simple	T10-06,T15-37
LargestBearBodyVsAverageBullBody	bar_anatomy_trend_doji	A	Entry	simple	TP3-28
MicroGapAroundTrendBar	bar_anatomy_trend_doji	A	Entry	trivial	R02-10,R06-04
OpenNearBarLow	bar_anatomy_trend_doji	A	Entry	trivial	T02-13
ShavedBothEndsBar	bar_anatomy_trend_doji	A	Entry	trivial	VP1-18
ShavedTopBar	bar_anatomy_trend_doji	A	Entry	trivial	V00-38
ShrinkingBodies	bar_anatomy_trend_doji	A	Entry	trivial	R11-01,VP1-19
SmallBarNearRecentExtreme	bar_anatomy_trend_doji	B	Entry	moderate	T06-14
SpikePullbackLimitFade	bar_anatomy_trend_doji	B	Entry	moderate	V03-10,V19-05,VP3-10
SpikeTrendBarsLowOverlap	bar_anatomy_trend_doji	B	Entry	moderate	V19-02,V19-03,T00-28
TrendBarBody	bar_anatomy_trend_doji	A	Entry	trivial	R00-01,R01-01,R08-01,TP1-01,T02-01,T06-01,T07-02,T10-01,T11-01,T15-01,TP3-01,T19-01,T21-01,V01-11,V00-01,T00-02
TrendBarCountDominanceInWindow	bar_anatomy_trend_doji	A	Entry	simple	R02-13
TrendBarCountInWindow	bar_anatomy_trend_doji	A	Entry	simple	T00-24,T02-09,T19-03,V00-36,V02-30
TrendBarFailsExit	bar_anatomy_trend_doji	A	Exit	trivial	TP3-21
TrendBarRunWithinWindow	bar_anatomy_trend_doji	B	Entry	moderate	V01-12,T07-38
TrendingDojiRun	bar_anatomy_trend_doji	A	Entry	simple	T02-04
BothSidedFailedBreakouts	breakouts_other	B	Entry	moderate	R12-17
BreakoutFailedBackIntoRange	breakouts_other	B	Entry	moderate	R11-23
FailedSwingBreakoutReversal	breakouts_other	B	Entry	hard	T17-02
HighestHighBreakout	breakouts_other	D	Entry	simple	V00-19,R01-05
KeyTimeProximity	breakouts_other	A	Entry	simple	R15-01
LateSessionRangeStillSmall	breakouts_other	C	Entry	research	T22-16
NarrowRangeWidth	breakouts_other	A	Entry	moderate	R05-08,RP4-14
OpeningRangeBreakout	breakouts_other	B	Entry	moderate	V18-02,TP2-05,T21-64,T22-03
OverlappingLargeBarCluster	breakouts_other	B	Entry	moderate	V16-11
ReenterAfterQuickStopOut	breakouts_other	B	Entry	moderate	T23-14
SecondFailedSwingBreakoutReversal	breakouts_other	B	Entry	hard	T17-03
SessionBarBreakout	breakouts_other	B	Entry	moderate	VP3-06,VP3-11
ShrinkingBreakoutStairs	breakouts_other	C	Entry	research	R00-40
BarbwireBreakoutFade	breakouts_pullback_retest	C	Entry	hard	R12-16,R22-09,T07-32
BothSidesShallowBreakoutFade	breakouts_pullback_retest	B	Entry	hard	T22-12
BreakevenRetestExit	breakouts_pullback_retest	A	Exit	moderate	R04-06
BreakoutLevelRetest	breakouts_pullback_retest	A	Entry	moderate	RP1-04,RP1-19,R05-04,R10-07,V09-07,T17-05,T22-09,RP2-08
BreakoutPoint	breakouts_pullback_retest	D	Entry	trivial	RP1-03
BreakoutPullbackEntry	breakouts_pullback_retest	B	Entry	hard	T15-38,T18-04,V24-10,T21-12,T22-04,V02-14
BreakoutPullbackLimitEntry	breakouts_pullback_retest	B	Entry	moderate	V24-30,R28-30,R28-13,T18-15
BreakoutPullbackWindow	breakouts_pullback_retest	B	Entry	moderate	R00-36,V00-21
BreakoutRunsWithoutPullback	breakouts_pullback_retest	B	Entry	moderate	V03-11
CounterSpikeIntoEmaSupportEntry	breakouts_pullback_retest	B	Entry	hard	R05-10
CountertrendSpikeInPullbackWarning	breakouts_pullback_retest	C	Entry	hard	T24-05
EntryPriceRetest	breakouts_pullback_retest	A	Entry	moderate	R00-37,V00-22,R28-31,V24-31,T18-16
FadeHighNSetupAfterWeakSpike	breakouts_pullback_retest	C	Entry	hard	R32-02
FadeMinorBreakoutInStrongTrend	breakouts_pullback_retest	C	Entry	hard	R17-10
FadePullbackInternalLegBreakout	breakouts_pullback_retest	C	Entry	hard	RP1-17,TP3-29
FadeWeakReversalAgainstSpike	breakouts_pullback_retest	C	Entry	moderate	RP1-08
FailedBreakoutOfPriorSessionExtreme	breakouts_pullback_retest	B	Entry	moderate	T10-21
FailedBreakoutReversal	breakouts_pullback_retest	A	Entry	moderate	T03-03,T04-02,T21-79,V03-13,R05-05,T02-07,V18-03,R32-06,T07-17,T07-26
FailedFailureResumption	breakouts_pullback_retest	A	Entry	simple	R00-38,T07-18,V18-04,T15-44,V00-23
FailedScalpExit	breakouts_pullback_retest	A	Exit	moderate	R00-41
GapLevelRetest	breakouts_pullback_retest	B	Exit	moderate	R10-09,V01-13,T22-08
GapPullbackFailureEntry	breakouts_pullback_retest	B	Entry	hard	V22-02
IslandReversalRetest	breakouts_pullback_retest	B	Entry	hard	R06-13
LargeOpeningRangeBreakoutFilter	breakouts_pullback_retest	B	Entry	moderate	T24-02
MultiSessionPauseBreakout	breakouts_pullback_retest	B	Entry	hard	T25-06
PostGapFadeBlockWindow	breakouts_pullback_retest	B	Entry	moderate	R06-16
PullbackBeyondBreakoutPoint	breakouts_pullback_retest	B	Entry	moderate	R02-30,V00-67,R02-16
PullbackDepthMaturity	breakouts_pullback_retest	C	Entry	research	RP1-18,V03-14,V02-27,T00-31,T24-06
QuietPeriodBreakoutNeedsPullback	breakouts_pullback_retest	B	Entry	moderate	V25-03
RangeBreakoutTestLimitEntry	breakouts_pullback_retest	C	Entry	hard	R28-36
SessionGapFirstBarReversalEntry	breakouts_pullback_retest	B	Entry	moderate	T21-67
ShallowPullbackLimitBelowPriorHigh	breakouts_pullback_retest	A	Entry	trivial	R28-02,T18-17
SidewaysAfterBreakout	breakouts_pullback_retest	C	Entry	research	V03-12,V02-29
SmallBreakoutTrapReversal	breakouts_pullback_retest	A	Entry	simple	V16-05
SpikeFadeAtRangeExtreme	breakouts_pullback_retest	C	Entry	research	R28-10
SpikeWithoutPullback	breakouts_pullback_retest	A	Entry	simple	R02-05,V00-43,T00-27,V02-04
StairsPriorExtensionFade	breakouts_pullback_retest	C	Entry	hard	T26-05
StrictBreakoutDefinition	breakouts_pullback_retest	D	Entry	trivial	R02-33
ThirdBarConfirmsFailedBreakout	breakouts_pullback_retest	A	Entry	trivial	T15-43
TradingRangeBreakoutContextGate	breakouts_pullback_retest	C	Entry	research	R02-11,RP3-14,RP4-13,V09-11,T01-04,V04-16
TwiceFailedBreakoutAttempt	breakouts_pullback_retest	B	Entry	hard	RP4-20,R22-06,V07-13,V18-05,T05-14
WeakFollowThroughBarRequiresPullback	breakouts_pullback_retest	A	Entry	trivial	V15-07
AvgBodyBelowRangeFraction	breakouts_signal_strength	A	Entry	simple	R32-01
BarLowHoldsPriorClose	breakouts_signal_strength	A	Entry	trivial	R02-07,V00-45
BarOpensAbovePriorClose	breakouts_signal_strength	A	Entry	trivial	R02-08
BodyAboveAverageBody	breakouts_signal_strength	A	Entry	moderate	R02-04,V00-44,T00-36,V02-03,V02-02,T07-44
BreakoutClearsPriorExtremeByMargin	breakouts_signal_strength	A	Entry	simple	R02-06,V07-11
BreakoutStrengthChecklist	breakouts_signal_strength	C	Entry	research	R02-32
CloseAbovePriorHigh	breakouts_signal_strength	D	Entry	trivial	TP3-18,R12-08
CloseAbovePriorHighestHigh	breakouts_signal_strength	D	Entry	simple	R02-17,V00-51,RP1-05,T00-38,R05-01,R08-06,T03-02,V02-12
ClosePositionInPriorBarRange	breakouts_signal_strength	A	Entry	trivial	R28-34
CloseWithinTicksOfHigh	breakouts_signal_strength	A	Entry	trivial	R02-09
ConsecutiveBarsLittleOverlap	breakouts_signal_strength	A	Entry	simple	T06-03,T21-05,T24-04
CountertrendSpikeFailsIntoFlag	breakouts_signal_strength	D	Entry	research	T19-23
FailedFollowThroughCount	breakouts_signal_strength	A	Entry	moderate	V19-14
FailedRangeBreakoutReversal	breakouts_signal_strength	C	Entry	research	RP4-07
FirstOppositeTrendBarThenRecovery	breakouts_signal_strength	B	Entry	hard	T21-53
HigherHighByTicks	breakouts_signal_strength	A	Entry	trivial	V15-08
LargeRangeBarInWindow	breakouts_signal_strength	A	Entry	simple	V13-03
LargeTailedBarCount	breakouts_signal_strength	A	Entry	simple	T07-29
LastTradeWasWinner	breakouts_signal_strength	A	Entry	moderate	T15-55
MarginalBreakoutThenReverse	breakouts_signal_strength	B	Entry	moderate	R02-26,R02-27,R04-04
NonOppositeClose	breakouts_signal_strength	A	Entry	trivial	V15-05,RP3-09,R01-07
NumBars	breakouts_signal_strength	D	Exit	trivial	T21-74
OppositeLargeBarPair	breakouts_signal_strength	A	Entry	moderate	V03-09
OppositeLargeBarsInWindow	breakouts_signal_strength	A	Entry	simple	T21-50,T12-04,V04-03
PressIntoSpikeAddOn	breakouts_signal_strength	D	Entry	research	R01-04,R31-09,R31-10
PriorBarStrongTrendDay	breakouts_signal_strength	A	Entry	simple	TP3-12,R04-07
ReversalSpikeLargerThanTrendSpike	breakouts_signal_strength	C	Entry	research	V04-04
SpikeClearsMultipleResistanceLevels	breakouts_signal_strength	C	Entry	hard	R02-03,V16-13
StrongTrendBar	breakouts_signal_strength	A	Entry	trivial	RP1-02,R02-01
StrongTrendBarRun	breakouts_signal_strength	A	Entry	simple	T03-07,TP3-04,T21-10,V24-27,R12-03,V15-06,V01-08
WeakEntryBarExit	breakouts_signal_strength	B	Exit	hard	T08-01
BarRangeAtrMultiple	breakouts_volume_gap	A	Entry	simple	V04-07
BodyGapBar	breakouts_volume_gap	A	Entry	trivial	R06-02,V00-39,V02-07,T19-05
BreakoutTestNoOverlap	breakouts_volume_gap	A	Entry	moderate	T00-37,T19-07,R08-11
ConsecutiveBodyGapTrendBars	breakouts_volume_gap	A	Entry	simple	R06-03
GapFilledExit	breakouts_volume_gap	A	Exit	moderate	R06-08
GapHoldsAbovePriorSessionClose	breakouts_volume_gap	B	Entry	moderate	T19-15
GapReversalBar	breakouts_volume_gap	B	Entry	moderate	R00-25,T00-11,V00-17
LargeGapVsAverageRange	breakouts_volume_gap	A	Entry	simple	V20-03
LargeGapVsRecentGaps	breakouts_volume_gap	A	Entry	simple	V20-02
LimitEntryAtMicroGapEdge	breakouts_volume_gap	A	Entry	simple	R28-03,R06-15
MicroMeasuringGap	breakouts_volume_gap	A	Entry	simple	R00-26,V00-15,T00-14,T19-06,R02-22
NotTripleWitchingDay	breakouts_volume_gap	A	Entry	moderate	T09-01
SessionFirstBarBreakout	breakouts_volume_gap	B	Entry	moderate	T23-13
SessionGapAtrDirectional	breakouts_volume_gap	B	Entry	moderate	T21-49,T23-05
SessionGapAtrMagnitude	breakouts_volume_gap	B	Entry	moderate	T12-03,T19-14
SessionOpeningGapBeyondPriorExtreme	breakouts_volume_gap	B	Entry	moderate	R00-22,V00-16,T00-10
TrueGapBar	breakouts_volume_gap	A	Entry	trivial	R06-01,R08-04,V20-01,VP1-31
AtrAtExtreme	climax_reversal	A	Entry	moderate	TP3-40
ClimaxBar	climax_reversal	A	Entry	moderate	V04-01,R28-12,T18-06,V00-58
ClimaxBarAfterExtendedRun	climax_reversal	B	Entry	hard	V24-20,T06-25,T21-37
ConsecutiveClimaxBarCount	climax_reversal	A	Entry	moderate	R05-11,RP4-19,V04-05,V24-46,TP3-33,T21-41,V04-06
ConsecutiveSpikeCount	climax_reversal	B	Entry	hard	VP1-20,V01-16,T15-57,T10-16
EntryBarRangeStop	climax_reversal	A	Exit	moderate	V04-11
ExitOnConsecutiveClimax	climax_reversal	B	Exit	hard	T21-39
LargestTrendBarOfTheRun	climax_reversal	A	Entry	moderate	V04-08
MajorTrendReversal	climax_reversal	B	Entry	hard	V24-14,V03-06
NoClimaxWithinLookback	climax_reversal	A	Entry	moderate	R17-07,T06-26,T10-14,T15-32,TP3-34,V24-26,V24-34,T02-11,T19-17
ParabolicAccelerationExit	climax_reversal	A	Exit	trivial	T21-75
SessionMoveExhaustsDailyRange	climax_reversal	B	Entry	hard	T13-14
SpikeReversedBySpike	climax_reversal	B	Entry	hard	RP4-18
TrendBarRunEnded	climax_reversal	B	Entry	hard	T02-03,V04-02
AlwaysInBlockCountertrend	context_regime_always_in	C	Entry	moderate	V15-11,T18-21,T01-03,V24-48,R30-03,R31-03
AlwaysInDirection	context_regime_always_in	C	Entry	moderate	V15-15,V15-02,VP1-12,V24-12,T00-01,RP1-01,R28-07,T05-13,T15-09,TP3-03,T21-08,V11-07,T03-14,TP3-11,T15-24,T01-01
AlwaysInFlipEntry	context_regime_always_in	C	Entry	moderate	RP4-24,T18-28
BarsBeyondEmaCount	context_regime_always_in	A	Entry	moderate	R00-48,V25-09,V00-56,V24-45,T15-63,R22-11,T06-28,R04-10,T21-52,R08-25
BlockEntriesAfterLosingMonth	context_regime_always_in	A	Entry	moderate	V25-08
BounceFromLowByAtr	context_regime_always_in	A	Entry	simple	T21-61
ConsecutiveClimaxesBlockWithTrend	context_regime_always_in	C	Entry	research	R12-11
ConsecutiveClosesBeyondEmaRun	context_regime_always_in	A	Entry	moderate	TP4-14
CorrectionBarsVsTrendLegBars	context_regime_always_in	B	Entry	hard	V21-01
CountertrendNeedsPriorPush	context_regime_always_in	A	Entry	simple	T10-07
CountertrendNeedsPriorTrendLineBreak	context_regime_always_in	B	Entry	hard	V02-35,R26-02,V07-15,R10-01
CountertrendScalpPercentTarget	context_regime_always_in	A	Exit	trivial	V22-01
CountertrendTimeCutoff	context_regime_always_in	D	Entry	trivial	T15-30,T21-35
DeepPullbackRetracement	context_regime_always_in	B	Entry	hard	R00-50
DipBelowPriorBarLowByTicks	context_regime_always_in	A	Entry	trivial	R28-25,R32-03
EmaTouchRecovery	context_regime_always_in	A	Entry	moderate	T17-09
FailedCountertrendScalpReversal	context_regime_always_in	A	Entry	trivial	T21-36
MaxCountertrendTradesPerSession	context_regime_always_in	C	Entry	hard	TP4-13
NoOppositeBarInLastN	context_regime_always_in	A	Entry	simple	T19-10
PriorSessionAlwaysInBias	context_regime_always_in	C	Entry	moderate	VP3-03
ReportTimeBlackout	context_regime_always_in	D	Entry	trivial	T23-17
SessionTrendDayDirection	context_regime_always_in	B	Entry	hard	R08-24,TP4-08,TP4-07
SmallRangeEntryBarScalpTarget	context_regime_always_in	B	Exit	hard	T17-07
TrendResumptionDayContext	context_regime_always_in	B	Entry	hard	T01-07,T25-03
UnconfirmedAlwaysInFlipFade	context_regime_always_in	C	Entry	hard	V24-33,R28-11
BarRangeAboveSessionAverage	context_regime_trading_range	B	Entry	moderate	R22-14
Barbwire	context_regime_trading_range	A	Entry	simple	R00-19,R03-08,R22-03,T00-08,R22-17
BarsSinceExtremeExceeds	context_regime_trading_range	A	Entry	simple	T21-14
CloseNearSessionExtreme	context_regime_trading_range	B	Entry	moderate	RP4-21,V25-01
DeepPullbackMeansRange	context_regime_trading_range	B	Entry	moderate	TP3-35
EntryBarClosedAgainstPosition	context_regime_trading_range	A	Entry	moderate	R22-10
ExtendedMoveInRange	context_regime_trading_range	D	Entry	trivial	R21-02,V24-47,V25-05,T07-31
HolidayWeekWindow	context_regime_trading_range	A	Entry	trivial	VP3-12
MidSessionWindow	context_regime_trading_range	D	Entry	trivial	V11-02
OverlappingBarRun	context_regime_trading_range	A	Entry	simple	R00-20,R00-21,T01-02,T03-01,T07-07
RangeExtremeFade	context_regime_trading_range	A	Entry	simple	R07-11,R11-26,V24-17,V24-49,R21-08
RangeHeightProjectionTarget	context_regime_trading_range	B	Exit	moderate	R08-13
RangeMidpointTarget	context_regime_trading_range	A	Exit	simple	R10-10,V07-07,R15-05
RangeMidpointZone	context_regime_trading_range	A	Entry	simple	R32-04,R21-12
RangeWidthBelowAtrMultiple	context_regime_trading_range	A	Entry	simple	RP4-01,V02-36,R22-01,R02-21,VP1-26
TightRangeBlocksEntries	context_regime_trading_range	A	Switch	simple	R22-04,V24-44
TradingRangeDay	context_regime_trading_range	B	Entry	hard	T17-04,T05-12,T07-33,R21-14
BreakoutFollowThroughTicks	context_regime_trend_strength	A	Entry	moderate	R04-01
CloseAbovePriorClosesRun	context_regime_trend_strength	D	Entry	simple	V16-07
ConsecutiveTrendBarRun	context_regime_trend_strength	A	Entry	simple	RP3-13
FixedTickPullbackEntry	context_regime_trend_strength	B	Entry	hard	V24-32
HigherLowStreak	context_regime_trend_strength	A	Entry	simple	R00-55,V09-02
LowNearPriorClose	context_regime_trend_strength	A	Entry	trivial	V00-37,T19-04
MaxPullbackDepthBelowThreshold	context_regime_trend_strength	B	Entry	hard	V00-40,T23-06,T23-07
NoQualifyingPullbackSinceLegStart	context_regime_trend_strength	B	Entry	hard	T24-11
OppositeColorBar	context_regime_trend_strength	D	Entry	trivial	R11-05
PullbackDepthExceedsPriorMax	context_regime_trend_strength	B	Entry	hard	T23-08
RecentStrongTrendDaysCount	context_regime_trend_strength	B	Entry	hard	R02-12,T00-47
StrongTrendBarCount	context_regime_trend_strength	A	Entry	simple	V16-10,R01-06,V15-09,T04-04,T18-05,T21-54
TrendDayIdentifiedInFirstHour	context_regime_trend_strength	B	Entry	hard	TP3-38,T22-11
BarsSinceEmaCross	ema_relations	B	Entry	moderate	TP3-30
CloseBeyondEma	ema_relations	A	Entry	moderate	T05-06,T06-27,T07-06,T15-03,R11-16,V02-17
CloseCrossesEma	ema_relations	A	Entry	moderate	R04-11,R12-13
CloseWithinAtrOfEma	ema_relations	A	Entry	moderate	R01-08,R14-05,T06-29,R28-26
EmaFlat	ema_relations	A	Entry	simple	RP4-06,VP3-05
EmaGapBar	ema_relations	A	Entry	moderate	R00-23,R01-11,R11-17,R13-02,R14-01,V00-13,V01-09,V09-03,T00-12,T19-12
EmaGapBarBreakoutEntry	ema_relations	A	Entry	moderate	R13-03,R14-02,T07-40,T15-59,T21-57,V24-11,R06-09,R26-11,R12-14
EmaGapBarFadeTrendGate	ema_relations	C	Entry	research	R13-07,R13-06
EmaGapBarRun	ema_relations	B	Entry	moderate	R13-01,R00-24,V00-14,T00-13,T19-13,TP1-09,V23-01
EmaSlope	ema_relations	A	Entry	moderate	VP3-15
EmaTouch	ema_relations	A	Entry	moderate	T18-01,T15-20,T21-19,R11-14,V13-01,TP3-13,R11-28,V16-03
NoTwoConsecutiveClosesBeyondEma	ema_relations	A	Entry	moderate	T19-11,R00-56,V00-41,T00-32
PullbackDepthBeyondEma	ema_relations	A	Entry	moderate	TP3-36,V02-31,V01-02,R11-27,T15-39
SecondEmaGapBarEntry	ema_relations	B	Entry	hard	R13-04,R14-03,R06-10,R13-05,R00-53,V00-66
TwentyGapBarPullbackEntry	ema_relations	B	Entry	moderate	T17-08,T18-18,R26-12
BreakevenExitAfterAdverseExcursion	exits_stops	B	Exit	moderate	T15-50,V21-02
BreakevenStop	exits_stops	A	Exit	moderate	R03-04,R05-15,R10-08,R24-02,R29-06,T00-50,TP1-10,V02-16,V24-37,V24-38,V25-04
BreakevenStopAfterEmaHoldingRun	exits_stops	B	Exit	hard	V03-17
BreakevenStopOnSecondEntryTest	exits_stops	B	Exit	hard	V15-13,T18-24
DelaySwingTrailUntilRetestAndNewExtreme	exits_stops	B	Exit	hard	T23-11
ExitAtBreakevenInTightRange	exits_stops	C	Exit	research	R22-05
InitialStopBeyondSwingAtEntry	exits_stops	B	Exit	hard	T15-47
PullbackNearMissesEntryPrice	exits_stops	A	Entry	moderate	T03-15
PullbackReachesEntryPrice	exits_stops	A	Entry	moderate	R02-31,V00-50,T00-35
StopAtInitialRiskMultiple	exits_stops	B	Exit	hard	V24-41,V19-13
StopAtSignalBarRangeMultiple	exits_stops	A	Exit	moderate	VP3-02,V01-18,VP1-08
StopBeyondExtremeSinceEntry	exits_stops	A	Exit	moderate	R29-07
StopBeyondFadedLine	exits_stops	C	Exit	hard	R28-43
StopBeyondRecentRangeExtreme	exits_stops	A	Exit	simple	RP4-12
StopBeyondSignalBar	exits_stops	A	Exit	moderate	R27-01,R29-01,V24-35,T21-73,RP4-23
StopBeyondSpikeStart	exits_stops	B	Exit	hard	R07-04,T21-11
StopFractionOfSignalBarRisk	exits_stops	A	Exit	moderate	R29-04
StopLoss	exits_stops	D	Exit	trivial	T07-11,R30-07,T23-12
StopSizedToRecentRange	exits_stops	B	Exit	moderate	R29-17
SuppressStopTighteningInChopRegime	exits_stops	C	Exit	research	T22-14,V11-08
SwingPointTrailingStop	exits_stops	B	Exit	hard	R00-54,RP3-10,RP4-22,R29-05,VP1-06,V24-40,T00-49,T18-22,R05-16
TightenStopToEntryBarIfStrong	exits_stops	A	Exit	moderate	R05-14,R12-09,R24-03,R27-02,R29-03,R29-16,R29-02
TimeStopInTightRange	exits_stops	C	Exit	research	R22-08
TrailArmedAfterEmaCloseBreak	exits_stops	B	Exit	hard	R12-12
TrailArmedAfterProfitThreshold	exits_stops	B	Exit	moderate	R29-14
TrailStopBehindStrongBar	exits_stops	B	Exit	hard	R01-02,VP1-29,V24-36,T11-07
TrailStopBeyondPriorBarExtreme	exits_stops	A	Exit	trivial	R25-02,R30-05
TrailStopToMicroMeasuringGap	exits_stops	B	Exit	hard	R01-03
WeakEntryBarScratchExit	exits_stops	A	Exit	moderate	T05-15,T05-16
WiderStopForSmallSignalBarCapped	exits_stops	A	Exit	moderate	R17-14
AdverseExcursionProfitTarget	exits_targets	B	Exit	moderate	R29-09
BarHeightMeasuredMoveTarget	exits_targets	A	Exit	trivial	RP1-10,VP1-07
BreakoutMissesScalpTarget	exits_targets	A	Entry	moderate	R02-28
CountertrendScalpTarget	exits_targets	C	Exit	hard	TP4-12
EntryBarExtremeTarget	exits_targets	A	Exit	moderate	RP1-09
ExitAtDevelopingRangeResistance	exits_targets	C	Exit	hard	T22-15,R29-11
ExitAtPriorRangeExtreme	exits_targets	A	Exit	moderate	R07-06
ExitOnClimaxBarInMatureTrend	exits_targets	C	Exit	hard	TP3-32
ExitOnFirstOppositeBodyAfterRun	exits_targets	A	Exit	trivial	T21-76
ExitOnMicroChannelBreakout	exits_targets	B	Exit	moderate	T16-12
ExitOnOpposingReversalSetup	exits_targets	C	Exit	research	V25-02
ExitOnOppositeStrongTrendBar	exits_targets	A	Exit	trivial	V15-12
ExitOnSecondAdverseSignalAfterScaleIn	exits_targets	C	Exit	research	R31-05
ExitOnSecondResumptionFailure	exits_targets	C	Exit	research	RP3-11
ExitOnTrendBarIntoDevelopingRange	exits_targets	C	Exit	research	R29-10
ExitOnWeakFollowThrough	exits_targets	A	Exit	moderate	R30-04
FailedTargetReversalExit	exits_targets	A	Exit	moderate	V09-06,R26-10
GapMidpointMeasuredMoveTarget	exits_targets	A	Exit	moderate	R08-05,R08-10,R01-12,T21-48,R06-05,R08-09,VP1-21,V01-15
LegOneEqualsLegTwoTarget	exits_targets	B	Exit	hard	R07-07,R07-08,R16-03,R18-08,VP1-22,V06-03,V06-05,T01-06,T21-47
MeasuredMoveTargetAdrFilter	exits_targets	C	Entry	hard	R06-06,R06-07
MinRewardToRiskFilter	exits_targets	A	Entry	trivial	RP3-05,R25-01,V03-18,V24-22,V24-42
MovingAverageTarget	exits_targets	B	Exit	moderate	R06-12,T10-15
NearMeasuredMoveTargetFilter	exits_targets	B	Entry	hard	R08-14,T03-17,T22-06,R23-04
OpeningRangeMeasuredMoveTarget	exits_targets	B	Exit	moderate	TP4-05,T22-05
PatternHeightMeasuredMoveTarget	exits_targets	A	Exit	moderate	RP1-07,R02-34,R03-03,R07-02,R08-22,R08-27,R12-06,R17-17,R20-07,R23-03,RP4-25,V01-14,V04-15,V05-02,V05-03,T02-12,T15-33,T15-34,T15-58,T16-13,TP3-37,T21-46,T24-10,T25-07,T26-09,V24-15,R07-03,R08-12,TP2-06
PriorSwingExtremeTarget	exits_targets	B	Exit	hard	V07-10,T10-24,R14-06,R08-17,T07-41,T21-56
ProfitTargetAtInitialRiskMultiple	exits_targets	B	Exit	moderate	RP2-10,R21-01,R24-04,R24-05,R30-01,T18-26,R10-15
PullbackSizedProfitTarget	exits_targets	B	Exit	moderate	T26-06
RegimePartialAtrTarget	exits_targets	C	Exit	research	T24-03
RewardRiskDeteriorationExit	exits_targets	A	Exit	moderate	R25-03
RollingRangeMidpointTarget	exits_targets	B	Exit	moderate	R07-09
RoomToRangeTargetFilter	exits_targets	A	Entry	trivial	R22-16
ScaleInExitAtOriginalEntry	exits_targets	C	Exit	research	R26-17
ScaleInFirstLegProfitTarget	exits_targets	C	Exit	research	R26-16
SessionMidpointTarget	exits_targets	B	Exit	moderate	TP3-39
SessionOpenPriceTarget	exits_targets	B	Exit	moderate	T23-18,R07-12
ShrinkingSwingIncrementsExit	exits_targets	B	Exit	hard	T21-77,V00-63
TakeProfit	exits_targets	D	Exit	trivial	R10-14,R27-03,T15-49
TieredRiskMultipleScaleOut	exits_targets	C	Exit	research	R24-09,R30-02,R31-08,T18-27,V24-39
TrendChannelLineTarget	exits_targets	B	Exit	hard	T21-24,T26-08
CountRestartAfterHighTwo	leg_counting	B	Entry	moderate	R11-24
CountSetupTrendGate	leg_counting	C	Entry	research	R17-09,R26-03
FadeMismatchedCountSetup	leg_counting	C	Entry	research	R28-44
FailedCountReversal	leg_counting	B	Entry	moderate	R00-62,V00-55,TP1-07,T00-48,VP1-11,T04-08
FailedCountSetupExit	leg_counting	B	Exit	moderate	R17-12
FailedNewExtremeBlock	leg_counting	B	Entry	moderate	TP3-23
FirstPullbackAfterSpike	leg_counting	B	Entry	moderate	T07-45,TP3-16,T23-04
FirstPullbackDelay	leg_counting	B	Entry	moderate	R00-58,R02-14,R02-23,R05-02,V00-48,T00-33,T15-40,V02-13
HighLowBarCount	leg_counting	B	Entry	moderate	R17-01,R17-03,R17-04,R17-06,T01-05,V01-10,R00-61,R01-09,R05-17,R05-18,R05-19,V00-52,V00-53,V01-05,V24-03,T00-20,TP1-05,TP1-06,T10-23,T15-19,T18-02,T20-02,T21-72,R03-15,R00-60
LegCountAtLeast	leg_counting	B	Entry	moderate	RP3-03,V01-03,T19-21,R16-02,RP1-15,T14-09
LowerHighPullbackBar	leg_counting	D	Entry	trivial	R11-09
OpposingCountExit	leg_counting	B	Exit	moderate	R17-13,V21-04
PauseBarBroad	leg_counting	A	Entry	simple	RP3-02
PostClimaxCorrectionBlock	leg_counting	B	Entry	moderate	RP1-14,R22-15,T21-40,T21-71
PostSpikeFadeBlock	leg_counting	B	Entry	moderate	TP3-41
PullbackBar	leg_counting	D	Entry	trivial	R00-14,RP3-01,V00-18,T00-15,TP3-15,R11-10
PullbackDurationBars	leg_counting	B	Entry	moderate	R02-15,R02-24,T00-34,V00-49
RecentOppositeCloseExists	leg_counting	D	Entry	trivial	T10-09
SecondLegExceedsFirstLegExtreme	leg_counting	B	Entry	moderate	T20-04,T20-03
SecondSignal	leg_counting	B	Entry	moderate	T21-28,R00-52,R26-06,V00-65,V04-13,V24-18,T00-21,T06-31
SecondSignalNotBetterPrice	leg_counting	B	Entry	moderate	T10-04
SteepPullbackGate	leg_counting	C	Entry	research	R19-03
WithTrendLegCountExit	leg_counting	C	Exit	research	R08-16
AverageBarOverlap	lines_channels_channels	A	Entry	simple	T21-32
ChannelAgeMature	lines_channels_channels	C	Entry	moderate	T21-82
ChannelBounceFractionTarget	lines_channels_channels	B	Exit	moderate	T21-45
ChannelBreakoutPullbackEntry	lines_channels_channels	B	Entry	hard	T21-29,RP3-12,V24-21
ChannelConfirmedByTwoLegs	lines_channels_channels	C	Entry	hard	T15-08
ChannelHeightEqualsSpikeHeightTarget	lines_channels_channels	B	Exit	hard	R07-05
ChannelLineBreakTrendBarClose	lines_channels_channels	B	Entry	hard	V10-04,V04-10
ChannelLineBreakoutFailure	lines_channels_channels	B	Entry	hard	T03-16,V04-09,T15-31,T21-23,T14-07
ChannelLineOvershoot	lines_channels_channels	B	Entry	hard	R00-43,R00-44,V00-59,TP2-02,T15-07
ChannelLineOvershootReversal	lines_channels_channels	B	Entry	hard	T14-04,T15-15,VP1-15,V02-21
ChannelLineTargetExit	lines_channels_channels	B	Exit	hard	T15-14,T15-35,R10-03
ChannelLineTestMomentumEntry	lines_channels_channels	B	Entry	hard	T21-62
ChannelLineUndershoot	lines_channels_channels	B	Entry	hard	R00-45,V00-60,R28-39
ChannelSlopeSteep	lines_channels_channels	A	Entry	simple	T15-12,T14-06,RP2-09,RP4-02,V03-08,V04-14
ChannelStartRetestEntry	lines_channels_channels	B	Entry	hard	RP1-13,R28-19,T21-44,T03-09
ChannelStartRetestExit	lines_channels_channels	B	Exit	hard	T21-13,T15-45,T21-42,R18-07,R10-04,V04-18,R05-22
ChannelWidthConvergence	lines_channels_channels	B	Entry	hard	TP2-04
ClimaxBarAtChannelLine	lines_channels_channels	B	Entry	hard	T15-17
CountertrendRunInWindow	lines_channels_channels	A	Entry	simple	T15-11
DipBelowPriorBarLow	lines_channels_channels	A	Entry	trivial	T15-18,T21-16,T04-11,T06-30,R28-15
DuelingLinesConfluence	lines_channels_channels	C	Entry	research	R19-01,R26-08,VP1-33,T13-11
EntryRoomToChannelLine	lines_channels_channels	B	Entry	hard	T15-22
FirstTightChannelBreakoutFails	lines_channels_channels	C	Entry	hard	T15-36,RP4-15
MicroChannelBreakoutBar	lines_channels_channels	A	Entry	simple	T16-03
MicroChannelFailedBreakoutEntry	lines_channels_channels	A	Entry	simple	T16-04
MicroChannelRunLength	lines_channels_channels	A	Entry	simple	T16-01,T16-02,T16-07,R00-46,R28-17,V00-61,VP1-30,T16-06
MicroChannelSameColorLowOverlap	lines_channels_channels	A	Entry	simple	RP3-06
OppositeBodyCountInWindow	lines_channels_channels	A	Entry	simple	T21-31,T15-27,R11-20
PriceInLowerHalfOfChannel	lines_channels_channels	B	Entry	hard	T15-23
PullbackFromRecentHigh	lines_channels_channels	A	Entry	simple	T15-25
SecondChannelLinePenetration	lines_channels_channels	B	Entry	moderate	T14-05
ShallowDipBelowPriorBarLow	lines_channels_channels	A	Entry	trivial	T16-05,R28-18
ShrinkingStairs	lines_channels_channels	B	Entry	hard	T00-17,T26-04
SignificantChannelLineOvershoot	lines_channels_channels	B	Entry	hard	T00-45,T19-19
SpikeAndChannelContext	lines_channels_channels	C	Entry	hard	T03-08,V01-21,V20-06
StairsBreakoutFade	lines_channels_channels	C	Entry	hard	V23-02,V24-16,T26-02,T26-07
StairsPattern	lines_channels_channels	B	Entry	hard	T26-01
StairsPullbackLimitEntry	lines_channels_channels	B	Entry	hard	R28-32
ThreePushesInChannel	lines_channels_channels	B	Entry	hard	T15-16,T21-25
TightChannel	lines_channels_channels	A	Entry	simple	T15-10,T21-30,R22-02
WeakChannelSignCount	lines_channels_channels	C	Entry	moderate	T21-34
BrokenTrendLineHoldsAsSupport	lines_channels_trendlines	B	Entry	hard	V02-32
ExtremeTestAfterTrendLineBreak	lines_channels_trendlines	B	Entry	hard	R00-51,T13-04,R04-03,VP1-03,R08-26
FirstTrendLineBreakOfSession	lines_channels_trendlines	B	Entry	hard	T23-15
MicroTrendLineFailedBreakout	lines_channels_trendlines	B	Entry	hard	R00-39,T16-08,T16-09,V07-02,T13-07
SecondTrendLineTest	lines_channels_trendlines	B	Entry	hard	T13-10
SidewaysCorrectionAfterTrendLineBreak	lines_channels_trendlines	C	Entry	research	T00-46,T19-20
SwingLegLengthAtLeast	lines_channels_trendlines	B	Entry	hard	VP1-05
TrendChannelLineOvershoot	lines_channels_trendlines	B	Entry	hard	T14-03,R26-05
TrendLineBreak	lines_channels_trendlines	B	Entry	hard	TP2-01,T13-02,T14-02,T15-06,V02-10,V02-19,V03-01,V24-13,R11-13,R11-18,T20-05,T13-12,T14-10,T16-10,V03-02
TrendLineBrokenRecently	lines_channels_trendlines	B	Entry	hard	R08-15,VP1-01,V01-01,V14-02,TP4-10,T21-81,TP3-09,V02-28,R17-02,TP4-11,V06-07,V07-08,V03-15
TrendLineSlopeFlattening	lines_channels_trendlines	B	Entry	hard	T13-09
TrendLineTouch	lines_channels_trendlines	B	Entry	hard	T13-03,T15-13,T21-20,R10-02,R28-38
TrendLineTouchCount	lines_channels_trendlines	B	Entry	hard	T13-08,V22-04,T21-59
AdverseBodyCountExit	misc	A	Exit	simple	VP1-25
AverageRangeBelowDollarThreshold	misc	A	Entry	simple	VP3-14
BarsReversedByClose	misc	D	Entry	simple	V02-33
CloseAboveHighestClose	misc	A	Entry	simple	T02-14
DeepPullbackRetracementFilter	misc	A	Entry	moderate	RP3-04,T00-22,V00-57
MiddayReversalTimeWindow	misc	D	Entry	trivial	V11-04
OppositeCloseCountBelowThreshold	misc	A	Entry	simple	T07-39,TP3-25
RangeContractionExtreme	misc	D	Entry	simple	TP1-12
ThreeBarReversal	misc	B	Entry	moderate	T06-08,T06-09
TrendingBarBodies	misc	A	Entry	simple	V02-26
TrendingCloseRun	misc	D	Entry	simple	R00-33,V02-24
WaitAfterReportTimeFilter	misc	D	Entry	simple	VP3-08
DailyPivotProximity	support_resistance_levels	B	Entry	hard	RP2-02
FibonacciRetracementLevel	support_resistance_levels	A	Entry	simple	RP2-03,R10-17,TP1-11
HigherTimeframeLevelProximity	support_resistance_levels	C	Entry	research	R10-16
LevelApproachFailureRetest	support_resistance_levels	C	Entry	research	V09-09
LevelTouchCount	support_resistance_levels	B	Entry	hard	RP2-07,T25-08
NearAnyLevel	support_resistance_levels	B	Entry	hard	R06-14,V19-11,R09-05
NotableBarExtremeLevel	support_resistance_levels	B	Entry	hard	R10-12,R10-13,R28-14
ReversalShortOfPriorExtreme	support_resistance_levels	A	Entry	simple	R02-35
RoundNumberProximity	support_resistance_levels	A	Entry	trivial	R10-18,V22-03
SecondOvershootAtLevel	support_resistance_levels	C	Entry	hard	RP2-06,VP1-04,R09-04
TouchOfRecentExtreme	support_resistance_levels	A	Entry	simple	R10-06,V16-02,R09-03,TP2-03
TradeTowardNearestLevelOnly	support_resistance_levels	C	Entry	research	RP2-04
BarsBeyondSwingPointWithoutPullback	swing_structure	B	Entry	moderate	V03-07
CloseBeyondLastSwingPoint	swing_structure	B	Entry	hard	R00-35,VP1-23,V02-18,TP3-19,V02-05,T18-08
DistanceAboveRecentLow	swing_structure	A	Entry	simple	T15-26
DoubleExtreme	swing_structure	B	Entry	hard	R00-31,R00-32,V00-27,V01-06,T00-16,V24-07,V08-01,T03-06,R20-01,T20-06,R12-01,R05-12,T21-43,R19-04
DoubleExtremeBreakout	swing_structure	B	Entry	hard	R12-05,V05-13
DoubleExtremeDipBreakout	swing_structure	B	Entry	hard	R20-02
DoubleExtremePullback	swing_structure	B	Entry	hard	V08-02,T07-47,V00-29
FailedBreakoutBeyondExtreme	swing_structure	A	Entry	simple	V02-22,V09-01,T15-54,VP1-13,R20-05,R12-07
HigherLowBar	swing_structure	A	Entry	trivial	T04-10,R11-07
HigherLowCount	swing_structure	A	Entry	simple	T15-28,T10-10,T10-19
HigherSwingHigh	swing_structure	B	Entry	hard	R00-29,V00-11
HigherSwingLow	swing_structure	B	Entry	hard	R00-30,V00-12,TP3-07,R02-25,V08-03
LaggedHigherHigh	swing_structure	D	Entry	trivial	R11-06,R11-08
Ledge	swing_structure	A	Entry	simple	R00-18,V00-25,T00-09,R28-23
MicroDoubleExtreme	swing_structure	A	Entry	trivial	T06-16,V00-26,R28-22,T10-08,V08-07
PullbackDepthFromRecentHigh	swing_structure	A	Entry	simple	R28-41,T21-21,T19-09
ShallowDipBelowPriorLow	swing_structure	A	Entry	trivial	TP3-17,T07-23
SwingHigh	swing_structure	A	Entry	simple	R00-27,R00-28,V00-10,T13-01,T14-01,T15-04,T15-05,T17-01,TP3-02
SwingHighProfitTarget	swing_structure	B	Exit	hard	T18-23,R30-06
SwingPointTestHolds	swing_structure	B	Entry	hard	T03-04,T10-22
SwingPointUndercut	swing_structure	B	Entry	hard	R26-14,R28-21,T21-18,T21-22,R28-40,T18-20,V03-03,V03-04,R05-20,R04-05,R28-16,VP1-14
TrendingHighsAndLows	swing_structure	A	Entry	trivial	V02-25,TP1-03
TrendingSwings	swing_structure	B	Entry	hard	R00-34,TP3-08,T22-10
CorrectionBarsFractionOfPattern	three_push_patterns	B	Entry	hard	R17-15,T24-09
ExpandingTrianglePattern	three_push_patterns	B	Entry	hard	V06-01,VP1-17,V06-06,V24-19
FailedFinalFlagTrendResumption	three_push_patterns	B	Entry	hard	V07-03
FailedThreePushReversalContinuation	three_push_patterns	B	Entry	hard	V05-17,T19-18,V06-04
FinalFlagCandidate	three_push_patterns	B	Entry	hard	V07-01,VP1-32,T03-11,V07-06
FinalFlagReversalBreakoutEntry	three_push_patterns	B	Entry	hard	V24-09,R03-10,R10-11
HeadAndShouldersNecklineBreakout	three_push_patterns	B	Entry	hard	R20-04
HeadAndShouldersPattern	three_push_patterns	B	Entry	hard	R20-03,R12-04
HighThreeEntry	three_push_patterns	B	Entry	moderate	R17-05,V00-54
HorizontalFlagWidthTest	three_push_patterns	A	Entry	moderate	R08-28
MarginalThreePushBreakout	three_push_patterns	B	Entry	hard	V05-12
OutsideOutsidePattern	three_push_patterns	A	Entry	simple	R23-02,R00-11,V00-08,T07-28
PushCountResetOnStrongPush	three_push_patterns	C	Entry	research	V05-15,R04-02
ShrinkingConsecutiveRanges	three_push_patterns	A	Entry	moderate	V07-05
SwingPivotTarget	three_push_patterns	B	Exit	hard	R05-21,V06-02
ThreePushAcceleration	three_push_patterns	B	Entry	hard	V05-08,V05-09
ThreePushCompletionExit	three_push_patterns	B	Exit	hard	T21-26
ThreePushDurationWindow	three_push_patterns	B	Entry	hard	R18-04,V05-07,R18-05,V05-06,R11-12
ThreePushExtremeRetestFade	three_push_patterns	B	Entry	hard	R03-05,T21-78
ThreePushPattern	three_push_patterns	B	Entry	hard	R00-42,R02-37,R18-01,R23-01,V00-62,VP1-16,V01-04,V05-01,V05-11,T14-08,T18-03
ThreePushReversalEntry	three_push_patterns	B	Entry	hard	T03-10,R18-02,V05-04,V24-08,V02-38
ThreePushSecondEntryRequired	three_push_patterns	C	Entry	research	V05-05,R18-03,V04-17,V05-18,R18-10
ThreePushSlopeBias	three_push_patterns	B	Entry	hard	R18-09,R23-08
ThreePushSwingBreakoutEntry	three_push_patterns	B	Entry	hard	T00-18
TrendDurationBars	three_push_patterns	B	Entry	hard	R23-10,V07-09
AverageDailyRange	time_session	B	Entry	hard	TP4-02,T25-01
AvgDailyRangeFractionStop	time_session	B	Exit	moderate	R29-08,T18-25
CloseNearSessionRangeMidpoint	time_session	B	Entry	moderate	RP4-17
FirstTradeMaeStopFloor	time_session	C	Exit	research	R29-15
IsFirstBarOfSession	time_session	B	Entry	moderate	V17-01,V19-01,VP3-09
MaxTradesPerSession	time_session	B	Switch	moderate	V24-23
MorningLegDirection	time_session	B	Entry	moderate	T25-02
OpeningRangeVsAvgDailyRange	time_session	B	Entry	moderate	T22-02,TP4-04,T23-02,V19-09,TP4-06,T21-63,TP4-03,V19-08
OpeningReversalPairBreakout	time_session	C	Entry	hard	T23-19
OpeningWindowReversalCount	time_session	C	Entry	research	VP3-16
PremarketExtremeTest	time_session	B	Entry	hard	V14-01
PriorSessionLateReversalBias	time_session	C	Entry	research	T24-08
PriorSessionLevelTest	time_session	A	Entry	simple	RP2-01,R10-05,T03-18,V18-06
SessionAvgBarRangeStop	time_session	B	Exit	moderate	R21-13
SessionCloseStrengthBias	time_session	B	Entry	hard	VP1-28
SessionExtremeSetInOpeningWindow	time_session	B	Entry	hard	T15-62
SessionOpenNearSessionExtreme	time_session	B	Entry	moderate	T19-16
SessionOpeningRange	time_session	B	Entry	hard	TP4-01,T22-01,T23-01,T24-01
TimeWindow	time_session	D	Entry	trivial	V11-01,V01-20,V19-15,TP4-15,V21-03,R31-04,T22-13,V16-12,R08-23
TrendFromOpenFlag	time_session	B	Entry	moderate	R00-47,V00-64,T23-03
BuyLimitBelowRisingMA	trade_management	A	Entry	moderate	R28-29
CounterSignalReversalPermission	trade_management	B	Entry	moderate	R28-45
FilledAtExtremeMoreTrendPressureReentry	trade_management	C	Entry	research	R24-08
FirstTradingDayOfMonthFilter	trade_management	A	Entry	trivial	R31-12
ScaleInAddOnLimitEntry	trade_management	D	Entry	hard	R26-15,R28-42
ScaleInJustBeyondObviousStopRunLevel	trade_management	C	Entry	research	R31-07
ScaleInOnContinuedPullback	trade_management	D	Entry	research	R31-01
StopRunReclaimReentry	trade_management	B	Entry	hard	R24-07,R29-12
TwoReasonsRequiredToEnter	trade_management	C	Entry	research	R26-01
WidenCombinedStopToTwiceInitialOnScaleIn	trade_management	D	Exit	research	R31-06
MinimumAbsoluteVolume	volume	A	Entry	trivial	R24-06,V22-06,V10-02,RP1-12
VolumeAboveAverageMultiple	volume	D	Entry	simple	RP1-11,R00-57,R02-02,V00-42,T00-25,T00-23,V07-14
VolumeBelowAverageFraction	volume	A	Entry	simple	T06-24
VolumeDivergenceAfterClimax	volume	B	Entry	moderate	V10-03
