id	primary	secondary
R00-01	bar_anatomy_trend_doji	
R00-02	bar_anatomy_trend_doji	
R00-03	bar_anatomy_inside_outside	
R00-04	bar_anatomy_inside_outside	
R00-05	bar_anatomy_inside_outside	
R00-06	leg_counting	bar_anatomy,context_regime
R00-07	bar_anatomy_inside_outside	breakouts
R00-08	bar_anatomy_inside_outside	
R00-09	bar_anatomy_inside_outside	
R00-10	bar_anatomy_inside_outside	
R00-11	bar_anatomy_inside_outside	
R00-12	bar_anatomy_reversal_signal	
R00-13	bar_anatomy_inside_outside	leg_counting
R00-14	leg_counting	
R00-15	bar_anatomy_reversal_signal	
R00-16	bar_anatomy_reversal_signal	
R00-17	bar_anatomy_inside_outside	
R00-18	swing_structure	
R00-19	context_regime_trading_range	bar_anatomy,breakouts
R00-20	context_regime_trading_range	
R00-21	context_regime_trading_range	
R00-22	breakouts_volume_gap	time_session
R00-23	ema_relations	breakouts
R00-24	ema_relations	breakouts
R00-25	breakouts_volume_gap	time_session
R00-26	breakouts_volume_gap	bar_anatomy,context_regime
R00-27	swing_structure	
R00-28	swing_structure	
R00-29	swing_structure	
R00-30	swing_structure	context_regime
R00-31	swing_structure	
R00-32	swing_structure	
R00-33	misc	
R00-34	swing_structure	
R00-35	swing_structure	breakouts
R00-36	breakouts_pullback_retest	
R00-37	breakouts_pullback_retest	exits_stops
R00-38	breakouts_pullback_retest	
R00-39	lines_channels_trendlines	breakouts,context_regime
R00-40	breakouts_other	context_regime
R00-41	breakouts_pullback_retest	bar_anatomy
R00-42	three_push_patterns	swing_structure,lines_channels
R00-43	lines_channels_channels	
R00-44	lines_channels_channels	climax_reversal
R00-45	lines_channels_channels	
R00-46	lines_channels_channels	
R00-47	time_session	
R00-48	context_regime_always_in	ema_relations
R00-49	bar_anatomy_trend_doji	climax_reversal,context_regime
R00-50	context_regime_always_in	
R00-51	lines_channels_trendlines	context_regime
R00-52	leg_counting	context_regime
R00-53	ema_relations	breakouts
R00-54	exits_stops	swing_structure
R00-55	context_regime_trend_strength	
R00-56	ema_relations	
R00-57	breakouts_volume_gap	volume
R00-58	leg_counting	breakouts
R00-59	leg_counting	breakouts
R00-60	context_regime_trend_strength	leg_counting,swing_structure
R00-61	leg_counting	bar_anatomy,context_regime
R00-62	bar_anatomy_reversal_signal	context_regime
RP1-01	context_regime_always_in	ema_relations,breakouts
RP1-02	breakouts_signal_strength	bar_anatomy
RP1-03	breakouts_pullback_retest	
RP1-04	breakouts_pullback_retest	
RP1-05	breakouts_other	exits_stops
RP1-06	breakouts_signal_strength	bar_anatomy
RP1-07	exits_targets	breakouts
RP1-08	breakouts_pullback_retest	bar_anatomy,context_regime
RP1-09	exits_targets	bar_anatomy,context_regime
RP1-10	exits_targets	bar_anatomy,context_regime
RP1-11	bar_anatomy_reversal_signal	volume
RP1-12	bar_anatomy_reversal_signal	volume
RP1-13	lines_channels_channels	breakouts
RP1-14	leg_counting	breakouts,climax_reversal
RP1-15	misc	
RP1-16	lines_channels_trendlines	ema_relations,context_regime
RP1-17	breakouts_pullback_retest	context_regime
RP1-18	breakouts_pullback_retest	context_regime
RP1-19	breakouts_pullback_retest	
R01-01	bar_anatomy_trend_doji	context_regime
R01-02	exits_stops	bar_anatomy,context_regime
R01-03	exits_stops	breakouts
R01-04	breakouts_signal_strength	bar_anatomy,swing_structure,trade_management
R01-05	exits_stops	breakouts
R01-06	breakouts_signal_strength	swing_structure,context_regime
R01-07	breakouts_signal_strength	bar_anatomy,context_regime
R01-08	ema_relations	breakouts
R01-09	leg_counting	context_regime
R01-10	bar_anatomy_reversal_signal	breakouts
R01-11	ema_relations	bar_anatomy,breakouts,context_regime
R01-12	exits_targets	leg_counting,breakouts
R01-13	climax_reversal	leg_counting,context_regime,time_session
R02-01	breakouts_signal_strength	bar_anatomy,context_regime
R02-02	breakouts_volume_gap	context_regime,volume
R02-03	breakouts_signal_strength	ema_relations,swing_structure,lines_channels,context_regime,support_resistance_levels
R02-04	breakouts_signal_strength	context_regime
R02-05	breakouts_pullback_retest	context_regime
R02-06	breakouts_signal_strength	swing_structure,context_regime
R02-07	breakouts_signal_strength	context_regime
R02-08	breakouts_signal_strength	context_regime
R02-09	breakouts_signal_strength	context_regime
R02-10	bar_anatomy_trend_doji	breakouts,context_regime
R02-11	breakouts_pullback_retest	context_regime
R02-12	context_regime_trend_strength	
R02-13	bar_anatomy_trend_doji	breakouts,context_regime
R02-14	leg_counting	breakouts,context_regime
R02-15	leg_counting	bar_anatomy,context_regime
R02-16	leg_counting	breakouts,context_regime
R02-17	breakouts_signal_strength	context_regime
R02-18	bar_anatomy_reversal_signal	breakouts,context_regime
R02-19	breakouts_signal_strength	bar_anatomy,context_regime
R02-20	bar_anatomy_trend_doji	breakouts,context_regime
R02-21	context_regime_trading_range	
R02-22	breakouts_volume_gap	bar_anatomy,context_regime
R02-23	leg_counting	breakouts,context_regime
R02-24	leg_counting	context_regime
R02-25	swing_structure	bar_anatomy,context_regime
R02-26	breakouts_signal_strength	context_regime,support_resistance_levels
R02-27	breakouts_signal_strength	context_regime,support_resistance_levels
R02-28	exits_targets	breakouts,context_regime
R02-29	breakouts_pullback_retest	context_regime
R02-30	breakouts_pullback_retest	context_regime
R02-31	exits_stops	context_regime
R02-32	breakouts_signal_strength	context_regime
R02-33	breakouts_pullback_retest	
R02-34	exits_targets	breakouts
R02-35	support_resistance_levels	
R02-36	breakouts_signal_strength	context_regime,time_session
R02-37	three_push_patterns	lines_channels
R03-01	breakouts_signal_strength	bar_anatomy
R03-02	exits_targets	breakouts
R03-03	exits_targets	three_push_patterns
R03-04	exits_stops	
R03-05	three_push_patterns	bar_anatomy,context_regime
R03-06	bar_anatomy_trend_doji	
R03-07	bar_anatomy_trend_doji	context_regime
R03-08	context_regime_trading_range	bar_anatomy
R03-09	bar_anatomy_trend_doji	context_regime
R03-10	three_push_patterns	breakouts,context_regime
R03-11	bar_anatomy_reversal_signal	
R03-12	exits_stops	bar_anatomy,context_regime
R03-13	bar_anatomy_inside_outside	
R03-14	leg_counting	context_regime
R03-15	bar_anatomy_inside_outside	leg_counting
R04-01	context_regime_trend_strength	breakouts
R04-02	bar_anatomy_trend_doji	lines_channels
R04-03	lines_channels_trendlines	breakouts
R04-04	swing_structure	bar_anatomy,breakouts
R04-05	swing_structure	breakouts,trade_management
R04-06	breakouts_pullback_retest	
R04-07	breakouts_signal_strength	context_regime
R04-08	bar_anatomy_inside_outside	
R04-09	bar_anatomy_inside_outside	swing_structure,time_session,trade_management
R04-10	ema_relations	context_regime
R04-11	ema_relations	bar_anatomy,context_regime
R05-01	swing_structure	breakouts
R05-02	leg_counting	breakouts
R05-03	bar_anatomy_reversal_signal	
R05-04	breakouts_pullback_retest	
R05-05	breakouts_pullback_retest	bar_anatomy
R05-06	bar_anatomy_reversal_signal	breakouts
R05-07	context_regime_trend_strength	bar_anatomy,breakouts,climax_reversal
R05-08	breakouts_other	
R05-09	breakouts_pullback_retest	context_regime,time_session
R05-10	breakouts_pullback_retest	ema_relations,bar_anatomy,context_regime,support_resistance_levels
R05-11	climax_reversal	context_regime
R05-12	swing_structure	
R05-13	bar_anatomy_reversal_signal	context_regime
R05-14	exits_stops	bar_anatomy
R05-15	exits_stops	
R05-16	exits_stops	breakouts
R05-17	leg_counting	swing_structure
R05-18	leg_counting	swing_structure
R05-19	leg_counting	swing_structure
R05-20	swing_structure	lines_channels
R05-21	three_push_patterns	exits_targets,leg_counting,lines_channels,context_regime
R05-22	lines_channels_channels	breakouts,context_regime
R05-23	three_push_patterns	lines_channels
R06-01	breakouts_volume_gap	
R06-02	breakouts_volume_gap	time_session
R06-03	breakouts_volume_gap	bar_anatomy,context_regime
R06-04	bar_anatomy_trend_doji	breakouts
R06-05	breakouts_volume_gap	exits_targets,bar_anatomy
R06-06	breakouts_volume_gap	exits_targets
R06-07	breakouts_volume_gap	
R06-08	breakouts_volume_gap	climax_reversal
R06-09	ema_relations	breakouts,context_regime
R06-10	ema_relations	breakouts
R06-11	ema_relations	bar_anatomy,breakouts
R06-12	exits_targets	ema_relations
R06-13	breakouts_pullback_retest	
R06-14	support_resistance_levels	breakouts
R06-15	breakouts_volume_gap	bar_anatomy
R06-16	breakouts_pullback_retest	context_regime
RP2-01	time_session	support_resistance_levels
RP2-02	swing_structure	support_resistance_levels
RP2-03	support_resistance_levels	
RP2-04	support_resistance_levels	context_regime
RP2-05	support_resistance_levels	
RP2-06	support_resistance_levels	bar_anatomy,context_regime
RP2-07	breakouts_other	support_resistance_levels
RP2-08	support_resistance_levels	
RP2-09	lines_channels_channels	
RP2-10	exits_targets	exits_stops
RP2-11	bar_anatomy_trend_doji	breakouts,climax_reversal
R07-01	bar_anatomy_inside_outside	breakouts
R07-02	exits_targets	breakouts
R07-03	breakouts_signal_strength	bar_anatomy
R07-04	exits_stops	breakouts
R07-05	lines_channels_channels	breakouts
R07-06	exits_targets	lines_channels,breakouts,trade_management
R07-07	exits_targets	swing_structure
R07-08	exits_targets	leg_counting
R07-09	exits_targets	context_regime
R07-10	exits_targets	swing_structure
R07-11	context_regime_trading_range	breakouts
R07-12	bar_anatomy_reversal_signal	time_session,support_resistance_levels
R08-01	bar_anatomy_trend_doji	context_regime
R08-02	bar_anatomy_trend_doji	context_regime
R08-03	bar_anatomy_trend_doji	
R08-04	breakouts_volume_gap	
R08-05	exits_targets	breakouts
R08-06	swing_structure	breakouts
R08-07	breakouts_volume_gap	
R08-08	bar_anatomy_trend_doji	breakouts,context_regime
R08-09	breakouts_volume_gap	leg_counting,bar_anatomy
R08-10	breakouts_pullback_retest	exits_targets
R08-11	breakouts_volume_gap	
R08-12	breakouts_volume_gap	context_regime
R08-13	context_regime_trading_range	breakouts
R08-14	exits_targets	context_regime
R08-15	lines_channels_trendlines	swing_structure,context_regime
R08-16	leg_counting	breakouts,context_regime
R08-17	breakouts_other	exits_targets,context_regime
R08-18	bar_anatomy_inside_outside	breakouts
R08-19	bar_anatomy_trend_doji	climax_reversal,context_regime
R08-20	bar_anatomy_trend_doji	climax_reversal,context_regime
R08-21	bar_anatomy_reversal_signal	context_regime
R08-22	exits_targets	bar_anatomy,breakouts,context_regime
R08-23	exits_targets	time_session
R08-24	context_regime_always_in	ema_relations,time_session
R08-25	ema_relations	breakouts,context_regime
R08-26	swing_structure	bar_anatomy,lines_channels,context_regime
R08-27	swing_structure	breakouts
R08-28	three_push_patterns	breakouts
R09-01	bar_anatomy_reversal_signal	
R09-02	bar_anatomy_reversal_signal	
R09-03	bar_anatomy_reversal_signal	support_resistance_levels
R09-04	swing_structure	bar_anatomy,context_regime
R09-05	ema_relations	lines_channels,support_resistance_levels
R10-01	context_regime_always_in	support_resistance_levels
R10-02	lines_channels_trendlines	swing_structure,context_regime,support_resistance_levels
R10-03	lines_channels_channels	swing_structure,climax_reversal,support_resistance_levels
R10-04	lines_channels_channels	breakouts,support_resistance_levels
R10-05	time_session	support_resistance_levels
R10-06	support_resistance_levels	swing_structure
R10-07	breakouts_pullback_retest	support_resistance_levels
R10-08	exits_stops	support_resistance_levels
R10-09	breakouts_pullback_retest	ema_relations,support_resistance_levels
R10-10	context_regime_trading_range	support_resistance_levels
R10-11	three_push_patterns	breakouts
R10-12	exits_stops	bar_anatomy,support_resistance_levels
R10-13	exits_stops	trade_management
R10-14	exits_targets	
R10-15	exits_stops	
R10-16	support_resistance_levels	ema_relations,swing_structure,lines_channels,breakouts
R10-17	support_resistance_levels	
R10-18	support_resistance_levels	
RP3-01	leg_counting	context_regime
RP3-02	leg_counting	bar_anatomy,context_regime
RP3-03	leg_counting	breakouts,context_regime
RP3-04	misc	
RP3-05	exits_targets	exits_stops
RP3-06	lines_channels_channels	
RP3-07	lines_channels_channels	bar_anatomy,breakouts,context_regime
RP3-08	bar_anatomy_inside_outside	leg_counting,breakouts,context_regime
RP3-09	breakouts_signal_strength	context_regime
RP3-10	exits_stops	swing_structure,context_regime
RP3-11	exits_targets	
RP3-12	lines_channels_channels	swing_structure,breakouts
RP3-13	context_regime_trend_strength	
RP3-14	breakouts_pullback_retest	context_regime
R11-01	bar_anatomy_trend_doji	
R11-02	bar_anatomy_reversal_signal	
R11-03	bar_anatomy_inside_outside	
R11-04	bar_anatomy_trend_doji	
R11-05	context_regime_trend_strength	
R11-06	swing_structure	
R11-07	swing_structure	
R11-08	swing_structure	leg_counting
R11-09	leg_counting	exits_stops
R11-10	leg_counting	
R11-11	leg_counting	
R11-12	three_push_patterns	
R11-13	lines_channels_trendlines	swing_structure,context_regime
R11-14	ema_relations	breakouts
R11-15	bar_anatomy_trend_doji	
R11-16	ema_relations	context_regime
R11-17	ema_relations	breakouts,context_regime
R11-18	lines_channels_trendlines	swing_structure
R11-19	leg_counting	ema_relations,breakouts
R11-20	misc	
R11-21	leg_counting	swing_structure
R11-22	context_regime_trading_range	bar_anatomy
R11-23	breakouts_other	context_regime
R11-24	leg_counting	
R11-25	ema_relations	
R11-26	context_regime_trading_range	breakouts
R11-27	ema_relations	context_regime
R11-28	ema_relations	leg_counting,support_resistance_levels
R12-01	swing_structure	exits_stops,bar_anatomy
R12-02	swing_structure	context_regime
R12-03	breakouts_signal_strength	swing_structure,context_regime
R12-04	three_push_patterns	swing_structure
R12-05	swing_structure	
R12-06	exits_targets	swing_structure,context_regime
R12-07	three_push_patterns	swing_structure
R12-08	breakouts_other	exits_stops
R12-09	exits_stops	bar_anatomy,breakouts
R12-10	swing_structure	context_regime
R12-11	context_regime_always_in	leg_counting,bar_anatomy,breakouts,climax_reversal
R12-12	exits_stops	ema_relations
R12-13	exits_stops	ema_relations,context_regime
R12-14	exits_stops	ema_relations,breakouts,context_regime
R12-15	context_regime_trading_range	exits_stops,leg_counting,bar_anatomy,breakouts
R12-16	breakouts_pullback_retest	context_regime
R12-17	breakouts_other	context_regime
R13-01	ema_relations	breakouts
R13-02	ema_relations	breakouts,context_regime
R13-03	ema_relations	breakouts
R13-04	ema_relations	breakouts
R13-05	ema_relations	lines_channels,breakouts
R13-06	breakouts_volume_gap	leg_counting,climax_reversal
R13-07	ema_relations	breakouts,context_regime
R14-01	ema_relations	breakouts,context_regime
R14-02	ema_relations	breakouts,context_regime
R14-03	ema_relations	leg_counting,breakouts
R14-04	ema_relations	breakouts
R14-05	ema_relations	breakouts
R14-06	breakouts_pullback_retest	exits_stops,leg_counting,context_regime
R15-01	breakouts_other	
R15-02	breakouts_pullback_retest	context_regime
R15-03	lines_channels_trendlines	context_regime,time_session
R15-04	context_regime_trading_range	breakouts
R15-05	bar_anatomy_reversal_signal	context_regime,time_session
R16-01	leg_counting	
R16-02	lines_channels_channels	leg_counting,three_push_patterns
R16-03	exits_targets	breakouts
R16-04	swing_structure	breakouts
R17-01	swing_structure	
R17-02	lines_channels_trendlines	
R17-03	bar_anatomy_reversal_signal	
R17-04	bar_anatomy_reversal_signal	
R17-05	three_push_patterns	bar_anatomy
R17-06	bar_anatomy_reversal_signal	
R17-07	climax_reversal	leg_counting
R17-08	breakouts_signal_strength	leg_counting,bar_anatomy,climax_reversal
R17-09	leg_counting	context_regime
R17-10	breakouts_pullback_retest	lines_channels,context_regime
R17-11	context_regime_trading_range	leg_counting,ema_relations,bar_anatomy
R17-12	bar_anatomy_reversal_signal	
R17-13	leg_counting	
R17-14	exits_stops	bar_anatomy
R17-15	three_push_patterns	climax_reversal
R17-16	context_regime_always_in	leg_counting,breakouts
R17-17	exits_targets	leg_counting,breakouts
R18-01	three_push_patterns	swing_structure,lines_channels,context_regime
R18-02	three_push_patterns	bar_anatomy,breakouts,context_regime
R18-03	leg_counting	three_push_patterns,breakouts,context_regime
R18-04	three_push_patterns	
R18-05	three_push_patterns	lines_channels
R18-06	bar_anatomy_reversal_signal	breakouts
R18-07	lines_channels_channels	exits_targets,three_push_patterns,breakouts
R18-08	exits_targets	leg_counting
R18-09	three_push_patterns	swing_structure,breakouts
R18-10	breakouts_signal_strength	bar_anatomy,three_push_patterns
R19-01	lines_channels_channels	ema_relations,swing_structure,support_resistance_levels
R19-02	three_push_patterns	bar_anatomy,lines_channels
R19-03	leg_counting	bar_anatomy,swing_structure,context_regime
R19-04	swing_structure	lines_channels
R19-05	bar_anatomy_reversal_signal	context_regime,time_session
R20-01	swing_structure	
R20-02	swing_structure	breakouts
R20-03	three_push_patterns	swing_structure,context_regime
R20-04	three_push_patterns	breakouts
R20-05	breakouts_signal_strength	context_regime
R20-06	context_regime_always_in	swing_structure,breakouts
R20-07	exits_targets	breakouts
RP4-01	context_regime_trading_range	bar_anatomy
RP4-02	lines_channels_channels	context_regime
RP4-03	bar_anatomy_reversal_signal	swing_structure,context_regime
RP4-04	bar_anatomy_trend_doji	climax_reversal
RP4-05	bar_anatomy_inside_outside	
RP4-06	ema_relations	
RP4-07	breakouts_signal_strength	bar_anatomy,context_regime
RP4-08	context_regime_trading_range	leg_counting
RP4-09	lines_channels_channels	leg_counting,breakouts,context_regime
RP4-10	bar_anatomy_reversal_signal	
RP4-11	breakouts_pullback_retest	
RP4-12	exits_stops	bar_anatomy,breakouts,context_regime
RP4-13	breakouts_pullback_retest	context_regime
RP4-14	breakouts_other	context_regime
RP4-15	leg_counting	lines_channels,breakouts
RP4-16	bar_anatomy_reversal_signal	
RP4-17	time_session	
RP4-18	climax_reversal	exits_targets,breakouts,context_regime
RP4-19	climax_reversal	leg_counting,ema_relations
RP4-20	breakouts_pullback_retest	context_regime
RP4-21	context_regime_trading_range	time_session
RP4-22	exits_stops	swing_structure
RP4-23	exits_stops	bar_anatomy,breakouts
RP4-24	context_regime_always_in	
RP4-25	exits_targets	breakouts
R21-01	exits_targets	context_regime
R21-02	context_regime_trading_range	
R21-03	leg_counting	swing_structure,context_regime
R21-04	leg_counting	lines_channels,context_regime
R21-05	three_push_patterns	context_regime
R21-06	bar_anatomy_reversal_signal	swing_structure,context_regime
R21-07	breakouts_pullback_retest	context_regime
R21-08	breakouts_signal_strength	swing_structure,context_regime
R21-09	bar_anatomy_trend_doji	climax_reversal,context_regime
R21-10	bar_anatomy_reversal_signal	leg_counting,breakouts,context_regime
R21-11	bar_anatomy_reversal_signal	breakouts
R21-12	bar_anatomy_reversal_signal	breakouts,context_regime
R21-13	time_session	exits_stops
R21-14	context_regime_trading_range	swing_structure,breakouts,time_session
R21-15	bar_anatomy_trend_doji	context_regime,time_session
R22-01	context_regime_trading_range	time_session
R22-02	lines_channels_channels	swing_structure
R22-03	context_regime_trading_range	bar_anatomy
R22-04	context_regime_trading_range	
R22-05	exits_stops	exits_targets,context_regime
R22-06	breakouts_pullback_retest	context_regime
R22-07	breakouts_other	climax_reversal,context_regime
R22-08	exits_stops	exits_targets,context_regime
R22-09	breakouts_pullback_retest	bar_anatomy,climax_reversal,context_regime
R22-10	context_regime_trading_range	bar_anatomy,breakouts
R22-11	ema_relations	context_regime
R22-12	bar_anatomy_trend_doji	context_regime
R22-13	context_regime_always_in	
R22-14	context_regime_trading_range	
R22-15	leg_counting	breakouts,climax_reversal,time_session
R22-16	exits_targets	leg_counting,bar_anatomy,context_regime
R22-17	breakouts_signal_strength	ema_relations,context_regime,time_session,support_resistance_levels
R23-01	three_push_patterns	swing_structure,context_regime
R23-02	three_push_patterns	bar_anatomy
R23-03	exits_targets	three_push_patterns,breakouts
R23-04	three_push_patterns	breakouts
R23-05	three_push_patterns	context_regime
R23-06	three_push_patterns	breakouts,context_regime
R23-07	three_push_patterns	breakouts,context_regime
R23-08	three_push_patterns	lines_channels,breakouts,context_regime
R23-09	three_push_patterns	breakouts
R23-10	three_push_patterns	context_regime
R24-01	bar_anatomy_reversal_signal	
R24-02	exits_stops	
R24-03	bar_anatomy_reversal_signal	exits_stops
R24-04	exits_targets	exits_stops
R24-05	exits_targets	exits_stops
R24-06	volume	
R24-07	trade_management	exits_stops
R24-08	trade_management	context_regime
R24-09	exits_targets	exits_stops
R25-01	exits_targets	bar_anatomy
R25-02	exits_stops	bar_anatomy
R25-03	exits_targets	
R25-04	bar_anatomy_reversal_signal	lines_channels,breakouts,context_regime
R26-01	trade_management	bar_anatomy,breakouts,context_regime,support_resistance_levels
R26-02	context_regime_always_in	lines_channels
R26-03	leg_counting	context_regime
R26-04	context_regime_trend_strength	leg_counting,three_push_patterns,climax_reversal
R26-05	bar_anatomy_reversal_signal	lines_channels
R26-06	leg_counting	
R26-07	leg_counting	context_regime
R26-08	lines_channels_channels	swing_structure,support_resistance_levels
R26-09	bar_anatomy_reversal_signal	leg_counting,context_regime
R26-10	exits_targets	bar_anatomy,context_regime
R26-11	ema_relations	leg_counting,breakouts,context_regime
R26-12	ema_relations	leg_counting,context_regime
R26-13	context_regime_trading_range	bar_anatomy
R26-14	swing_structure	context_regime,trade_management
R26-15	trade_management	
R26-16	exits_targets	trade_management
R26-17	exits_targets	exits_stops,trade_management
R27-01	exits_stops	bar_anatomy
R27-02	exits_stops	bar_anatomy
R27-03	exits_targets	bar_anatomy
R28-01	breakouts_signal_strength	bar_anatomy,context_regime
R28-02	breakouts_pullback_retest	
R28-03	breakouts_volume_gap	
R28-04	breakouts_signal_strength	
R28-05	bar_anatomy_inside_outside	
R28-06	bar_anatomy_inside_outside	context_regime
R28-07	context_regime_always_in	bar_anatomy
R28-08	breakouts_volume_gap	bar_anatomy,context_regime
R28-09	breakouts_signal_strength	bar_anatomy,context_regime,time_session
R28-10	breakouts_pullback_retest	context_regime
R28-11	context_regime_always_in	exits_stops,bar_anatomy,breakouts
R28-12	climax_reversal	exits_stops,bar_anatomy,context_regime
R28-13	breakouts_pullback_retest	
R28-14	bar_anatomy_reversal_signal	leg_counting,breakouts
R28-15	lines_channels_channels	
R28-16	swing_structure	lines_channels
R28-17	lines_channels_channels	bar_anatomy
R28-18	lines_channels_channels	breakouts
R28-19	lines_channels_channels	breakouts,context_regime
R28-20	bar_anatomy_trend_doji	context_regime
R28-21	swing_structure	context_regime
R28-22	swing_structure	context_regime
R28-23	swing_structure	
R28-24	bar_anatomy_reversal_signal	leg_counting,context_regime
R28-25	context_regime_always_in	exits_targets,bar_anatomy
R28-26	bar_anatomy_reversal_signal	ema_relations,context_regime
R28-27	ema_relations	
R28-28	ema_relations	
R28-29	trade_management	ema_relations
R28-30	breakouts_pullback_retest	bar_anatomy,context_regime
R28-31	breakouts_pullback_retest	exits_stops,context_regime,trade_management
R28-32	lines_channels_channels	
R28-33	exits_targets	context_regime
R28-34	breakouts_signal_strength	context_regime
R28-35	exits_targets	bar_anatomy,climax_reversal,context_regime
R28-36	breakouts_pullback_retest	context_regime
R28-37	bar_anatomy_reversal_signal	lines_channels
R28-38	lines_channels_trendlines	context_regime
R28-39	three_push_patterns	lines_channels,context_regime
R28-40	swing_structure	three_push_patterns,breakouts,context_regime
R28-41	swing_structure	context_regime,support_resistance_levels
R28-42	leg_counting	bar_anatomy,breakouts,trade_management
R28-43	breakouts_pullback_retest	exits_stops,lines_channels
R28-44	leg_counting	lines_channels
R28-45	trade_management	ema_relations,context_regime
R28-46	bar_anatomy_inside_outside	
R28-47	breakouts_pullback_retest	context_regime
R29-01	exits_stops	bar_anatomy
R29-02	bar_anatomy_trend_doji	context_regime
R29-03	exits_stops	bar_anatomy,context_regime
R29-04	bar_anatomy_reversal_signal	support_resistance_levels
R29-05	exits_stops	swing_structure
R29-06	exits_stops	exits_targets
R29-07	exits_stops	
R29-08	time_session	
R29-09	exits_targets	
R29-10	exits_targets	exits_stops,bar_anatomy,breakouts,context_regime
R29-11	exits_stops	exits_targets,context_regime
R29-12	leg_counting	context_regime
R29-13	bar_anatomy_trend_doji	exits_stops,leg_counting,trade_management
R29-14	exits_stops	
R29-15	time_session	
R29-16	bar_anatomy_reversal_signal	exits_targets,context_regime
R29-17	exits_stops	breakouts,context_regime
R30-01	exits_targets	
R30-02	exits_targets	exits_stops,time_session
R30-03	context_regime_always_in	
R30-04	exits_targets	bar_anatomy,breakouts
R30-05	exits_stops	
R30-06	swing_structure	exits_targets,breakouts
R30-07	exits_stops	exits_targets
R31-01	trade_management	swing_structure,lines_channels
R31-02	context_regime_always_in	lines_channels,trade_management
R31-03	context_regime_trend_strength	trade_management
R31-04	time_session	context_regime,trade_management
R31-05	exits_targets	context_regime,trade_management
R31-06	trade_management	exits_stops
R31-07	trade_management	
R31-08	exits_targets	
R31-09	breakouts_signal_strength	
R31-10	breakouts_signal_strength	bar_anatomy,context_regime
R31-11	exits_stops	trade_management
R31-12	misc	
R32-01	breakouts_signal_strength	bar_anatomy
R32-02	breakouts_pullback_retest	leg_counting
R32-03	context_regime_always_in	leg_counting,lines_channels
R32-04	context_regime_trading_range	breakouts
R32-05	bar_anatomy_trend_doji	
R32-06	breakouts_pullback_retest	exits_stops,bar_anatomy,context_regime
V00-01	bar_anatomy_trend_doji	
V00-02	bar_anatomy_trend_doji	
V00-03	bar_anatomy_inside_outside	
V00-04	bar_anatomy_inside_outside	
V00-05	bar_anatomy_inside_outside	
V00-06	bar_anatomy_inside_outside	
V00-07	bar_anatomy_inside_outside	breakouts
V00-08	bar_anatomy_inside_outside	
V00-09	bar_anatomy_inside_outside	
V00-10	swing_structure	three_push_patterns,lines_channels
V00-11	swing_structure	
V00-12	swing_structure	
V00-13	ema_relations	breakouts
V00-14	ema_relations	breakouts
V00-15	breakouts_volume_gap	exits_targets,bar_anatomy,context_regime
V00-16	breakouts_volume_gap	time_session
V00-17	bar_anatomy_reversal_signal	breakouts
V00-18	leg_counting	
V00-19	breakouts_other	swing_structure,lines_channels
V00-20	breakouts_signal_strength	bar_anatomy,context_regime
V00-21	breakouts_pullback_retest	
V00-22	breakouts_pullback_retest	exits_stops
V00-23	leg_counting	breakouts
V00-24	bar_anatomy_reversal_signal	breakouts
V00-25	swing_structure	
V00-26	swing_structure	
V00-27	swing_structure	
V00-28	swing_structure	
V00-29	swing_structure	
V00-30	bar_anatomy_reversal_signal	
V00-31	bar_anatomy_reversal_signal	
V00-32	bar_anatomy_reversal_signal	
V00-33	bar_anatomy_reversal_signal	
V00-34	bar_anatomy_reversal_signal	breakouts,context_regime
V00-35	bar_anatomy_reversal_signal	
V00-36	bar_anatomy_trend_doji	
V00-37	context_regime_trend_strength	
V00-38	bar_anatomy_trend_doji	
V00-39	breakouts_volume_gap	context_regime
V00-40	context_regime_trend_strength	
V00-41	ema_relations	context_regime
V00-42	breakouts_volume_gap	context_regime,volume
V00-43	breakouts_pullback_retest	
V00-44	breakouts_signal_strength	bar_anatomy
V00-45	breakouts_signal_strength	exits_stops
V00-46	bar_anatomy_reversal_signal	breakouts
V00-47	bar_anatomy_trend_doji	breakouts,context_regime
V00-48	leg_counting	breakouts
V00-49	leg_counting	bar_anatomy,breakouts
V00-50	exits_stops	leg_counting,breakouts
V00-51	breakouts_signal_strength	
V00-52	leg_counting	
V00-53	leg_counting	
V00-54	three_push_patterns	
V00-55	bar_anatomy_reversal_signal	
V00-56	ema_relations	
V00-57	misc	
V00-58	climax_reversal	lines_channels
V00-59	lines_channels_channels	swing_structure,climax_reversal
V00-60	lines_channels_channels	
V00-61	lines_channels_channels	
V00-62	three_push_patterns	lines_channels
V00-63	misc	
V00-64	time_session	
V00-65	leg_counting	
V00-66	ema_relations	breakouts
V00-67	breakouts_pullback_retest	
VP1-01	lines_channels_trendlines	swing_structure,breakouts,context_regime
VP1-02	bar_anatomy_reversal_signal	context_regime
VP1-03	breakouts_pullback_retest	
VP1-04	misc	
VP1-05	lines_channels_trendlines	
VP1-06	exits_stops	swing_structure,breakouts
VP1-07	exits_targets	bar_anatomy,context_regime
VP1-08	bar_anatomy_trend_doji	exits_stops,context_regime
VP1-09	bar_anatomy_trend_doji	exits_stops,context_regime
VP1-10	bar_anatomy_inside_outside	
VP1-11	leg_counting	breakouts
VP1-12	context_regime_always_in	breakouts
VP1-13	swing_structure	
VP1-14	leg_counting	
VP1-15	lines_channels_channels	climax_reversal
VP1-16	three_push_patterns	lines_channels
VP1-17	three_push_patterns	swing_structure
VP1-18	bar_anatomy_trend_doji	context_regime
VP1-19	breakouts_signal_strength	bar_anatomy,three_push_patterns
VP1-20	climax_reversal	leg_counting,breakouts,context_regime
VP1-21	breakouts_volume_gap	
VP1-22	exits_targets	
VP1-23	swing_structure	context_regime
VP1-24	breakouts_pullback_retest	bar_anatomy
VP1-25	misc	
VP1-26	context_regime_trading_range	
VP1-27	breakouts_other	swing_structure,three_push_patterns,context_regime
VP1-28	time_session	
VP1-29	exits_stops	bar_anatomy
VP1-30	lines_channels_channels	
VP1-31	breakouts_volume_gap	
VP1-32	three_push_patterns	lines_channels,breakouts
VP1-33	lines_channels_channels	swing_structure
V01-01	lines_channels_trendlines	swing_structure,context_regime
V01-02	ema_relations	context_regime
V01-03	leg_counting	swing_structure
V01-04	three_push_patterns	swing_structure
V01-05	leg_counting	breakouts
V01-06	swing_structure	
V01-07	bar_anatomy_reversal_signal	
V01-08	breakouts_signal_strength	bar_anatomy,climax_reversal,context_regime
V01-09	ema_relations	exits_stops,leg_counting,breakouts,context_regime
V01-10	breakouts_pullback_retest	leg_counting
V01-11	bar_anatomy_trend_doji	breakouts,context_regime
V01-12	bar_anatomy_trend_doji	breakouts,context_regime
V01-13	breakouts_pullback_retest	time_session
V01-14	exits_targets	breakouts,context_regime
V01-15	breakouts_volume_gap	exits_targets
V01-16	climax_reversal	breakouts,time_session
V01-17	breakouts_volume_gap	ema_relations,climax_reversal
V01-18	bar_anatomy_reversal_signal	exits_stops,climax_reversal
V01-19	bar_anatomy_inside_outside	
V01-20	time_session	
V01-21	lines_channels_channels	breakouts,climax_reversal,time_session
V02-01	bar_anatomy_reversal_signal	
V02-02	bar_anatomy_reversal_signal	
V02-03	breakouts_signal_strength	bar_anatomy
V02-04	breakouts_pullback_retest	
V02-05	swing_structure	breakouts,context_regime
V02-06	misc	
V02-07	breakouts_volume_gap	
V02-08	misc	
V02-09	breakouts_signal_strength	
V02-10	lines_channels_trendlines	swing_structure,context_regime
V02-11	lines_channels_trendlines	bar_anatomy,swing_structure,context_regime
V02-12	swing_structure	breakouts
V02-13	leg_counting	bar_anatomy
V02-14	misc	
V02-15	bar_anatomy_reversal_signal	swing_structure
V02-16	exits_stops	
V02-17	ema_relations	
V02-18	swing_structure	
V02-19	lines_channels_trendlines	context_regime
V02-20	bar_anatomy_reversal_signal	
V02-21	lines_channels_channels	context_regime
V02-22	swing_structure	breakouts
V02-23	bar_anatomy_reversal_signal	
V02-24	misc	
V02-25	swing_structure	
V02-26	misc	
V02-27	misc	
V02-28	lines_channels_trendlines	
V02-29	misc	
V02-30	bar_anatomy_trend_doji	
V02-31	ema_relations	
V02-32	lines_channels_trendlines	context_regime
V02-33	misc	
V02-34	misc	
V02-35	context_regime_always_in	lines_channels
V02-36	context_regime_trading_range	ema_relations,lines_channels
V02-37	bar_anatomy_reversal_signal	context_regime
V02-38	bar_anatomy_trend_doji	three_push_patterns,context_regime
V02-39	context_regime_trend_strength	
V03-01	lines_channels_trendlines	swing_structure,context_regime
V03-02	ema_relations	lines_channels,context_regime
V03-03	swing_structure	context_regime
V03-04	swing_structure	context_regime
V03-05	swing_structure	
V03-06	climax_reversal	ema_relations
V03-07	swing_structure	breakouts
V03-08	lines_channels_channels	bar_anatomy,breakouts
V03-09	breakouts_signal_strength	bar_anatomy,context_regime
V03-10	bar_anatomy_trend_doji	breakouts,climax_reversal,context_regime
V03-11	breakouts_pullback_retest	swing_structure
V03-12	breakouts_pullback_retest	swing_structure
V03-13	breakouts_pullback_retest	swing_structure,context_regime
V03-14	breakouts_pullback_retest	
V03-15	bar_anatomy_inside_outside	lines_channels,breakouts,context_regime
V03-16	bar_anatomy_reversal_signal	
V03-17	exits_stops	ema_relations
V03-18	exits_targets	context_regime
V04-01	climax_reversal	bar_anatomy
V04-02	bar_anatomy_inside_outside	climax_reversal
V04-03	breakouts_signal_strength	climax_reversal
V04-04	breakouts_signal_strength	
V04-05	climax_reversal	leg_counting,bar_anatomy,swing_structure,three_push_patterns
V04-06	bar_anatomy_inside_outside	three_push_patterns,climax_reversal
V04-07	breakouts_volume_gap	exits_targets,climax_reversal,context_regime,volume
V04-08	climax_reversal	bar_anatomy,breakouts
V04-09	lines_channels_channels	breakouts
V04-10	lines_channels_channels	
V04-11	climax_reversal	exits_stops
V04-12	bar_anatomy_inside_outside	breakouts,climax_reversal
V04-13	leg_counting	bar_anatomy,swing_structure,climax_reversal,context_regime
V04-14	lines_channels_channels	breakouts,context_regime
V04-15	exits_targets	three_push_patterns,breakouts,context_regime
V04-16	breakouts_pullback_retest	context_regime
V04-17	leg_counting	swing_structure,three_push_patterns,lines_channels
V04-18	lines_channels_channels	breakouts,support_resistance_levels
V05-01	three_push_patterns	swing_structure,breakouts
V05-02	exits_targets	three_push_patterns
V05-03	exits_targets	three_push_patterns
V05-04	three_push_patterns	leg_counting,bar_anatomy
V05-05	leg_counting	swing_structure,three_push_patterns,breakouts,context_regime
V05-06	three_push_patterns	lines_channels
V05-07	three_push_patterns	
V05-08	three_push_patterns	swing_structure,lines_channels,climax_reversal
V05-09	three_push_patterns	leg_counting,breakouts
V05-10	three_push_patterns	bar_anatomy,lines_channels,breakouts
V05-11	three_push_patterns	swing_structure
V05-12	swing_structure	three_push_patterns,breakouts
V05-13	swing_structure	exits_targets,three_push_patterns,breakouts
V05-14	three_push_patterns	leg_counting,context_regime
V05-15	three_push_patterns	
V05-16	three_push_patterns	time_session
V05-17	three_push_patterns	lines_channels,breakouts,context_regime
V05-18	three_push_patterns	breakouts
V06-01	three_push_patterns	swing_structure
V06-02	three_push_patterns	swing_structure
V06-03	exits_targets	three_push_patterns
V06-04	three_push_patterns	breakouts,context_regime
V06-05	exits_targets	three_push_patterns
V06-06	three_push_patterns	breakouts
V06-07	three_push_patterns	lines_channels,climax_reversal
V06-08	three_push_patterns	leg_counting
V07-01	three_push_patterns	bar_anatomy,context_regime
V07-02	lines_channels_trendlines	three_push_patterns,breakouts
V07-03	three_push_patterns	breakouts,context_regime
V07-04	leg_counting	three_push_patterns,breakouts
V07-05	three_push_patterns	breakouts
V07-06	three_push_patterns	leg_counting,breakouts,climax_reversal
V07-07	context_regime_trading_range	breakouts,support_resistance_levels
V07-08	three_push_patterns	lines_channels,context_regime
V07-09	misc	
V07-10	exits_targets	
V07-11	breakouts_signal_strength	bar_anatomy
V07-12	bar_anatomy_reversal_signal	leg_counting,swing_structure,context_regime
V07-13	breakouts_pullback_retest	
V07-14	breakouts_volume_gap	bar_anatomy,climax_reversal,volume
V07-15	context_regime_always_in	
V07-16	bar_anatomy_reversal_signal	breakouts,context_regime
V08-01	swing_structure	
V08-02	swing_structure	leg_counting,breakouts
V08-03	leg_counting	swing_structure
V08-04	context_regime_trend_strength	leg_counting
V08-05	swing_structure	context_regime
V08-06	swing_structure	three_push_patterns,breakouts,context_regime
V08-07	bar_anatomy_reversal_signal	exits_stops,swing_structure
V09-01	swing_structure	breakouts,context_regime
V09-02	context_regime_trend_strength	
V09-03	ema_relations	leg_counting,context_regime
V09-04	bar_anatomy_inside_outside	breakouts
V09-05	bar_anatomy_trend_doji	swing_structure
V09-06	exits_targets	
V09-07	breakouts_pullback_retest	swing_structure
V09-08	breakouts_signal_strength	ema_relations,lines_channels,context_regime
V09-09	support_resistance_levels	exits_targets,lines_channels
V09-10	three_push_patterns	lines_channels,context_regime
V09-11	breakouts_pullback_retest	context_regime,time_session
V09-12	swing_structure	three_push_patterns,breakouts
V10-01	volume	context_regime
V10-02	volume	climax_reversal,context_regime
V10-03	swing_structure	context_regime,volume
V10-04	lines_channels_channels	context_regime,volume
V11-01	time_session	exits_targets
V11-02	context_regime_trading_range	time_session
V11-03	bar_anatomy_reversal_signal	leg_counting,context_regime,time_session
V11-04	misc	
V11-05	time_session	context_regime
V11-06	time_session	bar_anatomy,context_regime
V11-07	context_regime_always_in	
V11-08	exits_stops	bar_anatomy,time_session
V13-01	ema_relations	leg_counting,bar_anatomy
V13-02	lines_channels_trendlines	bar_anatomy,swing_structure,context_regime
V13-03	breakouts_signal_strength	bar_anatomy
V13-04	breakouts_pullback_retest	time_session
V14-01	time_session	support_resistance_levels
V14-02	lines_channels_trendlines	context_regime
V14-03	bar_anatomy_reversal_signal	context_regime,volume
V15-01	bar_anatomy_trend_doji	context_regime
V15-02	context_regime_always_in	ema_relations
V15-03	bar_anatomy_trend_doji	context_regime
V15-04	bar_anatomy_trend_doji	context_regime
V15-05	breakouts_signal_strength	context_regime
V15-06	breakouts_signal_strength	bar_anatomy
V15-07	breakouts_pullback_retest	bar_anatomy,context_regime
V15-08	breakouts_signal_strength	context_regime
V15-09	breakouts_signal_strength	bar_anatomy,lines_channels,context_regime
V15-10	breakouts_other	
V15-11	context_regime_always_in	
V15-12	exits_targets	bar_anatomy,context_regime
V15-13	leg_counting	exits_stops,exits_targets
V15-14	bar_anatomy_trend_doji	exits_targets,context_regime,time_session
V15-15	context_regime_always_in	bar_anatomy,breakouts
V16-01	bar_anatomy_trend_doji	context_regime
V16-02	ema_relations	support_resistance_levels
V16-03	support_resistance_levels	ema_relations
V16-04	bar_anatomy_reversal_signal	
V16-05	breakouts_pullback_retest	swing_structure,support_resistance_levels
V16-06	bar_anatomy_inside_outside	
V16-07	context_regime_trend_strength	
V16-08	bar_anatomy_reversal_signal	context_regime
V16-09	context_regime_trading_range	bar_anatomy,breakouts
V16-10	context_regime_trend_strength	leg_counting,bar_anatomy
V16-11	breakouts_other	bar_anatomy,context_regime
V16-12	breakouts_pullback_retest	context_regime,time_session
V16-13	breakouts_signal_strength	swing_structure,support_resistance_levels
VP3-01	bar_anatomy_trend_doji	time_session
VP3-02	exits_stops	bar_anatomy
VP3-03	context_regime_always_in	ema_relations,time_session
VP3-04	bar_anatomy_trend_doji	breakouts,time_session
VP3-05	ema_relations	
VP3-06	breakouts_other	time_session
VP3-07	swing_structure	bar_anatomy,breakouts,context_regime
VP3-08	misc	
VP3-09	bar_anatomy_reversal_signal	breakouts,context_regime,time_session
VP3-10	bar_anatomy_trend_doji	leg_counting,breakouts,climax_reversal,context_regime
VP3-11	breakouts_other	time_session
VP3-12	context_regime_trading_range	time_session
VP3-13	bar_anatomy_inside_outside	context_regime
VP3-14	misc	
VP3-15	ema_relations	time_session
VP3-16	time_session	bar_anatomy,breakouts
V17-01	time_session	
V17-02	bar_anatomy_trend_doji	context_regime,time_session
V17-03	bar_anatomy_trend_doji	context_regime,time_session
V17-04	breakouts_volume_gap	ema_relations,time_session
V18-01	ema_relations	breakouts,time_session
V18-02	breakouts_other	context_regime,time_session
V18-03	breakouts_pullback_retest	bar_anatomy,swing_structure,context_regime,time_session
V18-04	breakouts_pullback_retest	bar_anatomy,context_regime
V18-05	breakouts_pullback_retest	time_session
V18-06	time_session	bar_anatomy
V19-01	time_session	
V19-02	bar_anatomy_trend_doji	breakouts,climax_reversal
V19-03	bar_anatomy_trend_doji	climax_reversal,context_regime,time_session
V19-04	breakouts_volume_gap	context_regime,time_session
V19-05	bar_anatomy_trend_doji	leg_counting,breakouts,climax_reversal
V19-06	swing_structure	exits_targets
V19-07	bar_anatomy_trend_doji	breakouts,time_session
V19-08	breakouts_other	time_session
V19-09	breakouts_signal_strength	three_push_patterns,lines_channels,climax_reversal,context_regime,time_session
V19-10	context_regime_always_in	breakouts,time_session
V19-11	support_resistance_levels	ema_relations,swing_structure,lines_channels,breakouts,time_session
V19-12	breakouts_signal_strength	exits_stops,time_session
V19-13	exits_stops	
V19-14	breakouts_signal_strength	bar_anatomy,context_regime
V19-15	time_session	
V20-01	breakouts_volume_gap	
V20-02	breakouts_volume_gap	
V20-03	breakouts_volume_gap	
V20-04	breakouts_volume_gap	context_regime,time_session
V20-05	breakouts_volume_gap	
V20-06	lines_channels_channels	breakouts
V21-01	context_regime_always_in	
V21-02	exits_stops	exits_targets,trade_management
V21-03	time_session	exits_targets
V21-04	swing_structure	context_regime
V22-01	context_regime_always_in	exits_targets
V22-02	breakouts_pullback_retest	bar_anatomy,time_session
V22-03	support_resistance_levels	context_regime
V22-04	lines_channels_trendlines	
V22-05	bar_anatomy_inside_outside	
V22-06	volume	
V23-01	ema_relations	breakouts,context_regime
V23-02	lines_channels_channels	breakouts
V23-03	context_regime_trading_range	
V24-01	bar_anatomy_trend_doji	
V24-02	bar_anatomy_reversal_signal	
V24-03	leg_counting	
V24-04	leg_counting	swing_structure,context_regime
V24-05	leg_counting	ema_relations,context_regime
V24-06	bar_anatomy_reversal_signal	
V24-07	swing_structure	
V24-08	three_push_patterns	context_regime
V24-09	three_push_patterns	climax_reversal
V24-10	breakouts_pullback_retest	leg_counting
V24-11	ema_relations	bar_anatomy,breakouts
V24-12	context_regime_always_in	bar_anatomy,breakouts
V24-13	lines_channels_trendlines	swing_structure
V24-14	climax_reversal	bar_anatomy,swing_structure,context_regime
V24-15	exits_targets	bar_anatomy,breakouts
V24-16	lines_channels_channels	
V24-17	context_regime_trading_range	bar_anatomy
V24-18	leg_counting	breakouts
V24-19	three_push_patterns	swing_structure
V24-20	climax_reversal	leg_counting,bar_anatomy
V24-21	lines_channels_channels	leg_counting,bar_anatomy,breakouts
V24-22	exits_targets	
V24-23	time_session	
V24-24	time_session	exits_targets
V24-25	time_session	exits_targets
V24-26	climax_reversal	leg_counting,bar_anatomy,breakouts
V24-27	breakouts_signal_strength	context_regime
V24-28	bar_anatomy_reversal_signal	
V24-29	ema_relations	
V24-30	breakouts_pullback_retest	leg_counting
V24-31	breakouts_pullback_retest	exits_stops,bar_anatomy,trade_management
V24-32	context_regime_trend_strength	
V24-33	context_regime_always_in	bar_anatomy,breakouts
V24-34	climax_reversal	ema_relations,trade_management
V24-35	exits_stops	bar_anatomy
V24-36	exits_stops	bar_anatomy
V24-37	exits_stops	
V24-38	exits_stops	exits_targets
V24-39	exits_targets	exits_stops
V24-40	exits_stops	swing_structure
V24-41	breakouts_signal_strength	exits_stops,trade_management
V24-42	exits_targets	
V24-43	lines_channels_channels	bar_anatomy,context_regime
V24-44	context_regime_trading_range	
V24-45	ema_relations	
V24-46	climax_reversal	leg_counting,bar_anatomy
V24-47	context_regime_trading_range	
V24-48	context_regime_always_in	
V24-49	context_regime_trading_range	
V25-01	context_regime_trading_range	bar_anatomy
V25-02	exits_targets	context_regime
V25-03	breakouts_pullback_retest	bar_anatomy
V25-04	exits_stops	
V25-05	context_regime_trading_range	
V25-06	ema_relations	bar_anatomy,context_regime
V25-07	bar_anatomy_trend_doji	
V25-08	context_regime_always_in	
V25-09	ema_relations	
T00-01	context_regime_always_in	ema_relations,breakouts
T00-02	bar_anatomy_trend_doji	
T00-03	bar_anatomy_trend_doji	
T00-04	bar_anatomy_inside_outside	
T00-05	bar_anatomy_inside_outside	
T00-06	bar_anatomy_inside_outside	breakouts
T00-07	bar_anatomy_inside_outside	breakouts
T00-08	context_regime_trading_range	bar_anatomy,breakouts
T00-09	swing_structure	
T00-10	breakouts_volume_gap	time_session
T00-11	breakouts_volume_gap	ema_relations
T00-12	ema_relations	breakouts
T00-13	ema_relations	breakouts
T00-14	breakouts_volume_gap	bar_anatomy,context_regime
T00-15	leg_counting	swing_structure
T00-16	swing_structure	
T00-17	lines_channels_channels	breakouts
T00-18	three_push_patterns	swing_structure
T00-19	misc	
T00-20	leg_counting	bar_anatomy,three_push_patterns
T00-21	leg_counting	breakouts
T00-22	misc	
T00-23	breakouts_volume_gap	swing_structure,context_regime,volume
T00-24	bar_anatomy_trend_doji	climax_reversal
T00-25	breakouts_volume_gap	volume
T00-26	bar_anatomy_reversal_signal	breakouts
T00-27	breakouts_pullback_retest	
T00-28	misc	
T00-29	bar_anatomy_trend_doji	
T00-30	bar_anatomy_trend_doji	climax_reversal
T00-31	misc	
T00-32	ema_relations	context_regime
T00-33	leg_counting	breakouts
T00-34	leg_counting	breakouts
T00-35	exits_stops	leg_counting,breakouts
T00-36	breakouts_signal_strength	
T00-37	breakouts_volume_gap	leg_counting
T00-38	breakouts_other	
T00-39	bar_anatomy_reversal_signal	
T00-40	bar_anatomy_reversal_signal	
T00-41	bar_anatomy_reversal_signal	
T00-42	bar_anatomy_reversal_signal	
T00-43	bar_anatomy_trend_doji	breakouts
T00-44	bar_anatomy_reversal_signal	breakouts
T00-45	lines_channels_channels	
T00-46	lines_channels_trendlines	
T00-47	context_regime_trend_strength	
T00-48	bar_anatomy_reversal_signal	context_regime
T00-49	exits_stops	swing_structure
T00-50	exits_stops	
TP1-01	bar_anatomy_trend_doji	context_regime
TP1-02	bar_anatomy_trend_doji	
TP1-03	swing_structure	breakouts
TP1-04	bar_anatomy_inside_outside	breakouts
TP1-05	leg_counting	swing_structure
TP1-06	leg_counting	context_regime
TP1-07	breakouts_pullback_retest	
TP1-08	bar_anatomy_trend_doji	climax_reversal,context_regime
TP1-09	ema_relations	
TP1-10	exits_stops	
TP1-11	support_resistance_levels	leg_counting
TP1-12	misc	
T01-01	ema_relations	
T01-02	context_regime_trading_range	
T01-03	context_regime_always_in	
T01-04	breakouts_pullback_retest	context_regime
T01-05	breakouts_pullback_retest	swing_structure,context_regime
T01-06	exits_targets	leg_counting,swing_structure
T01-07	context_regime_always_in	time_session
T01-08	breakouts_pullback_retest	time_session
T02-01	bar_anatomy_trend_doji	context_regime
T02-02	bar_anatomy_trend_doji	
T02-03	climax_reversal	bar_anatomy,context_regime
T02-04	bar_anatomy_trend_doji	
T02-05	bar_anatomy_trend_doji	context_regime
T02-06	bar_anatomy_trend_doji	breakouts,climax_reversal
T02-07	breakouts_pullback_retest	bar_anatomy,context_regime
T02-08	bar_anatomy_trend_doji	climax_reversal
T02-09	bar_anatomy_trend_doji	context_regime
T02-10	climax_reversal	context_regime
T02-11	climax_reversal	
T02-12	exits_targets	swing_structure,breakouts
T02-13	bar_anatomy_trend_doji	context_regime
T02-14	misc	
T02-15	bar_anatomy_reversal_signal	
T03-01	context_regime_trading_range	breakouts
T03-02	swing_structure	breakouts
T03-03	breakouts_pullback_retest	
T03-04	swing_structure	
T03-05	bar_anatomy_reversal_signal	swing_structure
T03-06	swing_structure	breakouts
T03-07	breakouts_signal_strength	bar_anatomy,lines_channels
T03-08	lines_channels_channels	bar_anatomy,breakouts
T03-09	lines_channels_channels	bar_anatomy,swing_structure,breakouts
T03-10	three_push_patterns	bar_anatomy,swing_structure
T03-11	three_push_patterns	bar_anatomy
T03-12	bar_anatomy_trend_doji	context_regime
T03-13	bar_anatomy_trend_doji	context_regime
T03-14	context_regime_always_in	
T03-15	exits_stops	leg_counting
T03-16	lines_channels_channels	swing_structure,breakouts
T03-17	exits_targets	breakouts
T03-18	time_session	
T04-01	bar_anatomy_reversal_signal	breakouts
T04-02	breakouts_pullback_retest	
T04-03	bar_anatomy_trend_doji	context_regime
T04-04	breakouts_signal_strength	bar_anatomy,context_regime
T04-05	breakouts_signal_strength	bar_anatomy,context_regime
T04-06	bar_anatomy_reversal_signal	
T04-07	bar_anatomy_reversal_signal	
T04-08	leg_counting	bar_anatomy,breakouts,context_regime
T04-09	bar_anatomy_reversal_signal	
T04-10	swing_structure	context_regime
T04-11	lines_channels_channels	
T04-12	bar_anatomy_trend_doji	
T04-13	bar_anatomy_reversal_signal	context_regime
T04-14	bar_anatomy_reversal_signal	
T04-15	breakouts_signal_strength	bar_anatomy,climax_reversal,context_regime
T04-16	breakouts_signal_strength	exits_stops,trade_management
T05-01	bar_anatomy_reversal_signal	
T05-02	bar_anatomy_reversal_signal	breakouts
T05-03	bar_anatomy_reversal_signal	
T05-04	bar_anatomy_reversal_signal	context_regime
T05-05	bar_anatomy_reversal_signal	
T05-06	ema_relations	
T05-07	lines_channels_trendlines	bar_anatomy,context_regime
T05-08	bar_anatomy_reversal_signal	context_regime
T05-09	bar_anatomy_trend_doji	context_regime
T05-10	bar_anatomy_reversal_signal	
T05-11	bar_anatomy_reversal_signal	
T05-12	context_regime_trading_range	time_session
T05-13	context_regime_always_in	leg_counting,bar_anatomy
T05-14	breakouts_pullback_retest	swing_structure
T05-15	exits_stops	bar_anatomy
T05-16	exits_stops	bar_anatomy
T05-17	ema_relations	bar_anatomy
T05-18	bar_anatomy_reversal_signal	
T06-01	bar_anatomy_trend_doji	
T06-02	bar_anatomy_trend_doji	context_regime
T06-03	breakouts_signal_strength	bar_anatomy
T06-04	bar_anatomy_trend_doji	breakouts,context_regime
T06-05	bar_anatomy_reversal_signal	climax_reversal,context_regime
T06-06	bar_anatomy_reversal_signal	
T06-07	bar_anatomy_reversal_signal	context_regime
T06-08	misc	
T06-09	misc	
T06-10	bar_anatomy_inside_outside	
T06-11	bar_anatomy_inside_outside	breakouts
T06-12	bar_anatomy_inside_outside	
T06-13	bar_anatomy_inside_outside	breakouts
T06-14	bar_anatomy_trend_doji	
T06-15	bar_anatomy_trend_doji	breakouts,context_regime
T06-16	swing_structure	
T06-17	swing_structure	breakouts
T06-18	swing_structure	breakouts
T06-19	bar_anatomy_reversal_signal	
T06-20	bar_anatomy_reversal_signal	
T06-21	bar_anatomy_reversal_signal	
T06-22	bar_anatomy_reversal_signal	
T06-23	breakouts_signal_strength	
T06-24	volume	context_regime
T06-25	climax_reversal	bar_anatomy
T06-26	climax_reversal	
T06-27	ema_relations	
T06-28	ema_relations	
T06-29	ema_relations	bar_anatomy,breakouts,climax_reversal
T06-30	lines_channels_channels	
T06-31	leg_counting	
T06-32	bar_anatomy_trend_doji	ema_relations
T07-01	bar_anatomy_inside_outside	
T07-02	bar_anatomy_trend_doji	context_regime
T07-03	bar_anatomy_reversal_signal	
T07-04	bar_anatomy_trend_doji	
T07-05	bar_anatomy_inside_outside	
T07-06	ema_relations	
T07-07	context_regime_trading_range	breakouts
T07-08	context_regime_trend_strength	ema_relations
T07-09	bar_anatomy_inside_outside	breakouts
T07-10	bar_anatomy_inside_outside	exits_stops,breakouts
T07-11	bar_anatomy_reversal_signal	exits_stops
T07-12	bar_anatomy_inside_outside	exits_stops
T07-13	bar_anatomy_inside_outside	
T07-14	leg_counting	bar_anatomy,swing_structure,lines_channels
T07-15	bar_anatomy_inside_outside	
T07-16	bar_anatomy_trend_doji	
T07-17	bar_anatomy_inside_outside	breakouts
T07-18	breakouts_pullback_retest	bar_anatomy
T07-19	bar_anatomy_inside_outside	breakouts
T07-20	bar_anatomy_inside_outside	breakouts
T07-21	bar_anatomy_inside_outside	breakouts,context_regime
T07-22	bar_anatomy_inside_outside	swing_structure,context_regime
T07-23	swing_structure	context_regime
T07-24	bar_anatomy_inside_outside	breakouts,context_regime
T07-25	bar_anatomy_trend_doji	breakouts,context_regime
T07-26	bar_anatomy_inside_outside	breakouts
T07-27	bar_anatomy_trend_doji	context_regime
T07-28	bar_anatomy_inside_outside	breakouts,context_regime
T07-29	breakouts_signal_strength	
T07-30	bar_anatomy_inside_outside	
T07-31	context_regime_trading_range	swing_structure
T07-32	breakouts_pullback_retest	context_regime
T07-33	context_regime_trading_range	bar_anatomy,time_session
T07-34	bar_anatomy_trend_doji	
T07-35	bar_anatomy_trend_doji	context_regime
T07-36	breakouts_signal_strength	bar_anatomy
T07-37	bar_anatomy_inside_outside	
T07-38	bar_anatomy_trend_doji	context_regime
T07-39	misc	
T07-40	ema_relations	breakouts,context_regime
T07-41	ema_relations	exits_targets,breakouts
T07-42	bar_anatomy_trend_doji	climax_reversal,context_regime
T07-43	bar_anatomy_inside_outside	
T07-44	bar_anatomy_reversal_signal	context_regime
T07-45	leg_counting	bar_anatomy,breakouts,context_regime
T07-46	leg_counting	ema_relations,bar_anatomy,context_regime
T07-47	swing_structure	bar_anatomy
T08-01	breakouts_signal_strength	bar_anatomy,context_regime
T09-01	breakouts_volume_gap	
T10-01	bar_anatomy_trend_doji	context_regime
T10-02	bar_anatomy_reversal_signal	
T10-03	bar_anatomy_reversal_signal	
T10-04	leg_counting	bar_anatomy
T10-05	bar_anatomy_trend_doji	climax_reversal,context_regime
T10-06	bar_anatomy_trend_doji	context_regime
T10-07	context_regime_always_in	
T10-08	swing_structure	
T10-09	leg_counting	
T10-10	swing_structure	context_regime
T10-11	bar_anatomy_trend_doji	
T10-12	bar_anatomy_trend_doji	climax_reversal,context_regime
T10-13	bar_anatomy_trend_doji	climax_reversal,context_regime
T10-14	climax_reversal	
T10-15	exits_targets	ema_relations,context_regime
T10-16	bar_anatomy_trend_doji	breakouts,context_regime
T10-17	bar_anatomy_inside_outside	
T10-18	bar_anatomy_inside_outside	three_push_patterns,context_regime
T10-19	swing_structure	
T10-20	ema_relations	breakouts
T10-21	breakouts_pullback_retest	time_session
T10-22	swing_structure	
T10-23	leg_counting	bar_anatomy,swing_structure,context_regime
T10-24	exits_targets	swing_structure
T11-01	bar_anatomy_trend_doji	context_regime
T11-02	bar_anatomy_trend_doji	context_regime
T11-03	bar_anatomy_trend_doji	climax_reversal
T11-04	bar_anatomy_trend_doji	climax_reversal,context_regime
T11-05	bar_anatomy_reversal_signal	context_regime
T11-06	bar_anatomy_inside_outside	
T11-07	bar_anatomy_reversal_signal	trade_management
T12-01	bar_anatomy_reversal_signal	
T12-02	misc	
T12-03	breakouts_volume_gap	context_regime,time_session
T12-04	breakouts_signal_strength	bar_anatomy,climax_reversal,context_regime
T12-05	swing_structure	time_session
TP2-01	lines_channels_trendlines	swing_structure
TP2-02	lines_channels_channels	swing_structure
TP2-03	misc	
TP2-04	lines_channels_channels	three_push_patterns
TP2-05	breakouts_other	time_session
TP2-06	three_push_patterns	exits_targets,breakouts
T13-01	swing_structure	
T13-02	lines_channels_trendlines	swing_structure,context_regime
T13-03	lines_channels_trendlines	context_regime
T13-04	lines_channels_trendlines	
T13-05	lines_channels_trendlines	
T13-06	bar_anatomy_trend_doji	lines_channels,breakouts,time_session
T13-07	bar_anatomy_reversal_signal	lines_channels,context_regime
T13-08	lines_channels_trendlines	
T13-09	lines_channels_trendlines	swing_structure
T13-10	lines_channels_trendlines	breakouts,context_regime
T13-11	lines_channels_channels	bar_anatomy
T13-12	bar_anatomy_reversal_signal	
T13-13	context_regime_trading_range	bar_anatomy,breakouts
T13-14	climax_reversal	context_regime,time_session
T14-01	swing_structure	
T14-02	lines_channels_trendlines	swing_structure
T14-03	lines_channels_trendlines	swing_structure
T14-04	lines_channels_channels	context_regime
T14-05	lines_channels_channels	
T14-06	lines_channels_channels	breakouts
T14-07	lines_channels_channels	breakouts
T14-08	three_push_patterns	leg_counting,lines_channels
T14-09	three_push_patterns	leg_counting
T14-10	leg_counting	lines_channels
T14-11	three_push_patterns	lines_channels
T14-12	lines_channels_channels	swing_structure,breakouts
T15-01	bar_anatomy_trend_doji	lines_channels,breakouts,climax_reversal,context_regime
T15-02	bar_anatomy_trend_doji	
T15-03	ema_relations	
T15-04	swing_structure	
T15-05	swing_structure	
T15-06	swing_structure	lines_channels,context_regime
T15-07	lines_channels_channels	swing_structure,context_regime
T15-08	lines_channels_channels	leg_counting,swing_structure
T15-09	context_regime_always_in	ema_relations,bar_anatomy,breakouts
T15-10	lines_channels_channels	
T15-11	lines_channels_channels	swing_structure,context_regime
T15-12	lines_channels_channels	context_regime
T15-13	lines_channels_trendlines	context_regime
T15-14	lines_channels_channels	
T15-15	lines_channels_channels	bar_anatomy,context_regime
T15-16	lines_channels_channels	swing_structure,breakouts,context_regime
T15-17	bar_anatomy_trend_doji	lines_channels,climax_reversal,context_regime
T15-18	lines_channels_channels	leg_counting,bar_anatomy,context_regime
T15-19	leg_counting	swing_structure
T15-20	ema_relations	
T15-21	ema_relations	leg_counting,bar_anatomy,lines_channels
T15-22	lines_channels_channels	
T15-23	lines_channels_channels	
T15-24	context_regime_always_in	ema_relations,bar_anatomy,swing_structure,lines_channels,breakouts
T15-25	lines_channels_channels	
T15-26	swing_structure	lines_channels
T15-27	lines_channels_channels	breakouts
T15-28	swing_structure	
T15-29	bar_anatomy_reversal_signal	
T15-30	context_regime_always_in	ema_relations,bar_anatomy,lines_channels,time_session
T15-31	lines_channels_channels	breakouts,context_regime,trade_management
T15-32	climax_reversal	lines_channels,breakouts
T15-33	exits_targets	lines_channels,breakouts
T15-34	exits_targets	breakouts,context_regime
T15-35	lines_channels_channels	exits_targets,breakouts,context_regime,trade_management
T15-36	lines_channels_channels	breakouts,context_regime
T15-37	bar_anatomy_trend_doji	context_regime
T15-38	breakouts_pullback_retest	leg_counting,swing_structure,lines_channels,context_regime
T15-39	leg_counting	ema_relations,breakouts
T15-40	leg_counting	swing_structure,breakouts
T15-41	bar_anatomy_inside_outside	swing_structure
T15-42	bar_anatomy_reversal_signal	breakouts,context_regime
T15-43	breakouts_pullback_retest	bar_anatomy,context_regime
T15-44	breakouts_pullback_retest	bar_anatomy,trade_management
T15-45	lines_channels_channels	swing_structure
T15-46	bar_anatomy_trend_doji	swing_structure,lines_channels,context_regime
T15-47	exits_stops	swing_structure,lines_channels
T15-48	bar_anatomy_reversal_signal	context_regime
T15-49	exits_targets	
T15-50	exits_stops	exits_targets,trade_management
T15-51	bar_anatomy_trend_doji	breakouts,climax_reversal,context_regime
T15-52	bar_anatomy_trend_doji	leg_counting
T15-53	swing_structure	breakouts
T15-54	swing_structure	lines_channels,breakouts
T15-55	breakouts_signal_strength	
T15-56	lines_channels_channels	ema_relations,swing_structure,breakouts,context_regime
T15-57	climax_reversal	bar_anatomy,breakouts,context_regime
T15-58	exits_targets	bar_anatomy,breakouts,context_regime
T15-59	ema_relations	leg_counting,breakouts,context_regime
T15-60	bar_anatomy_inside_outside	
T15-61	swing_structure	bar_anatomy,lines_channels,context_regime
T15-62	time_session	leg_counting
T15-63	ema_relations	
T16-01	lines_channels_channels	
T16-02	lines_channels_channels	
T16-03	lines_channels_channels	breakouts
T16-04	leg_counting	lines_channels,breakouts
T16-05	lines_channels_channels	
T16-06	bar_anatomy_trend_doji	lines_channels
T16-07	lines_channels_channels	breakouts,climax_reversal
T16-08	lines_channels_trendlines	swing_structure
T16-09	lines_channels_trendlines	breakouts,time_session
T16-10	leg_counting	lines_channels,breakouts
T16-11	bar_anatomy_trend_doji	context_regime
T16-12	exits_targets	lines_channels,breakouts
T16-13	exits_targets	lines_channels,breakouts
T16-14	lines_channels_channels	breakouts,context_regime
T16-15	leg_counting	breakouts
T17-01	swing_structure	
T17-02	breakouts_other	swing_structure
T17-03	breakouts_other	
T17-04	context_regime_trading_range	
T17-05	breakouts_pullback_retest	bar_anatomy,context_regime
T17-06	lines_channels_trendlines	bar_anatomy,context_regime
T17-07	context_regime_always_in	exits_targets
T17-08	ema_relations	breakouts
T17-09	context_regime_always_in	ema_relations,trade_management
TP3-01	bar_anatomy_trend_doji	context_regime
TP3-02	swing_structure	
TP3-03	context_regime_always_in	ema_relations,bar_anatomy,breakouts,climax_reversal
TP3-04	breakouts_signal_strength	leg_counting,bar_anatomy,context_regime
TP3-05	bar_anatomy_inside_outside	
TP3-06	bar_anatomy_reversal_signal	
TP3-07	swing_structure	
TP3-08	swing_structure	context_regime
TP3-09	lines_channels_trendlines	swing_structure,context_regime
TP3-10	leg_counting	lines_channels,context_regime
TP3-11	context_regime_always_in	
TP3-12	breakouts_signal_strength	bar_anatomy,context_regime
TP3-13	ema_relations	context_regime,time_session,support_resistance_levels
TP3-14	bar_anatomy_inside_outside	breakouts
TP3-15	leg_counting	
TP3-16	leg_counting	bar_anatomy,swing_structure,breakouts,context_regime
TP3-17	swing_structure	breakouts
TP3-18	breakouts_signal_strength	exits_stops,context_regime
TP3-19	swing_structure	breakouts,context_regime
TP3-20	bar_anatomy_trend_doji	context_regime
TP3-21	bar_anatomy_trend_doji	breakouts,context_regime
TP3-22	time_session	
TP3-23	leg_counting	bar_anatomy,swing_structure,breakouts,context_regime
TP3-24	ema_relations	bar_anatomy,breakouts,context_regime
TP3-25	misc	
TP3-26	bar_anatomy_reversal_signal	
TP3-27	bar_anatomy_inside_outside	
TP3-28	bar_anatomy_trend_doji	
TP3-29	breakouts_pullback_retest	swing_structure,context_regime
TP3-30	ema_relations	context_regime
TP3-31	bar_anatomy_trend_doji	climax_reversal,context_regime
TP3-32	exits_targets	bar_anatomy,climax_reversal,context_regime
TP3-33	climax_reversal	bar_anatomy,context_regime
TP3-34	climax_reversal	
TP3-35	context_regime_trading_range	swing_structure,breakouts
TP3-36	ema_relations	lines_channels,context_regime
TP3-37	exits_targets	three_push_patterns,breakouts,context_regime
TP3-38	context_regime_trend_strength	time_session
TP3-39	exits_targets	context_regime,time_session
TP3-40	misc	
TP3-41	leg_counting	breakouts,trade_management
T18-01	ema_relations	
T18-02	leg_counting	swing_structure,context_regime
T18-03	three_push_patterns	swing_structure
T18-04	breakouts_pullback_retest	leg_counting
T18-05	breakouts_signal_strength	bar_anatomy,context_regime
T18-06	climax_reversal	bar_anatomy,context_regime
T18-07	breakouts_pullback_retest	leg_counting,climax_reversal
T18-08	exits_stops	swing_structure,context_regime
T18-09	bar_anatomy_trend_doji	breakouts,context_regime
T18-10	breakouts_signal_strength	
T18-11	bar_anatomy_trend_doji	breakouts,context_regime
T18-12	swing_structure	lines_channels,context_regime
T18-13	bar_anatomy_reversal_signal	leg_counting,context_regime
T18-14	ema_relations	
T18-15	bar_anatomy_trend_doji	breakouts
T18-16	breakouts_pullback_retest	exits_stops,trade_management
T18-17	misc	
T18-18	ema_relations	breakouts
T18-19	bar_anatomy_trend_doji	ema_relations,context_regime
T18-20	swing_structure	breakouts,context_regime
T18-21	context_regime_always_in	
T18-22	exits_stops	swing_structure
T18-23	swing_structure	
T18-24	exits_stops	
T18-25	misc	
T18-26	exits_targets	exits_stops
T18-27	exits_targets	time_session
T18-28	misc	
T19-01	bar_anatomy_trend_doji	context_regime
T19-02	bar_anatomy_reversal_signal	
T19-03	bar_anatomy_trend_doji	context_regime
T19-04	context_regime_trend_strength	
T19-05	breakouts_volume_gap	context_regime
T19-06	breakouts_volume_gap	bar_anatomy,context_regime
T19-07	breakouts_volume_gap	
T19-08	bar_anatomy_trend_doji	climax_reversal,context_regime
T19-09	swing_structure	context_regime
T19-10	context_regime_always_in	
T19-11	ema_relations	context_regime
T19-12	ema_relations	breakouts,context_regime
T19-13	ema_relations	leg_counting,breakouts
T19-14	breakouts_volume_gap	context_regime,time_session
T19-15	breakouts_volume_gap	time_session
T19-16	time_session	bar_anatomy
T19-17	climax_reversal	bar_anatomy,breakouts,context_regime
T19-18	three_push_patterns	swing_structure,breakouts,context_regime
T19-19	lines_channels_channels	swing_structure,context_regime
T19-20	lines_channels_trendlines	context_regime
T19-21	leg_counting	
T19-22	support_resistance_levels	ema_relations,swing_structure,lines_channels,context_regime
T19-23	breakouts_signal_strength	context_regime
T19-24	context_regime_trend_strength	
T20-01	swing_structure	
T20-02	leg_counting	context_regime
T20-03	context_regime_always_in	bar_anatomy,swing_structure
T20-04	leg_counting	breakouts,context_regime
T20-05	lines_channels_trendlines	leg_counting,swing_structure
T20-06	swing_structure	
TP4-01	time_session	
TP4-02	time_session	
TP4-03	breakouts_other	time_session
TP4-04	time_session	breakouts
TP4-05	exits_targets	breakouts,time_session
TP4-06	breakouts_signal_strength	time_session
TP4-07	ema_relations	context_regime,time_session
TP4-08	context_regime_always_in	time_session
TP4-09	bar_anatomy_reversal_signal	
TP4-10	lines_channels_trendlines	swing_structure,context_regime
TP4-11	bar_anatomy_reversal_signal	lines_channels,context_regime
TP4-12	exits_targets	context_regime
TP4-13	context_regime_always_in	time_session
TP4-14	context_regime_always_in	ema_relations
TP4-15	time_session	
TP4-16	context_regime_trend_strength	exits_targets,time_session
T21-01	bar_anatomy_trend_doji	context_regime
T21-02	bar_anatomy_trend_doji	climax_reversal,context_regime
T21-03	bar_anatomy_inside_outside	lines_channels,breakouts
T21-04	bar_anatomy_trend_doji	
T21-05	breakouts_signal_strength	bar_anatomy,context_regime
T21-06	bar_anatomy_inside_outside	swing_structure,breakouts
T21-07	breakouts_signal_strength	bar_anatomy
T21-08	context_regime_always_in	ema_relations,swing_structure,breakouts
T21-09	breakouts_signal_strength	lines_channels,time_session
T21-10	breakouts_signal_strength	
T21-11	exits_stops	breakouts
T21-12	breakouts_pullback_retest	leg_counting,bar_anatomy,lines_channels
T21-13	lines_channels_channels	breakouts
T21-14	context_regime_trading_range	lines_channels,breakouts
T21-15	breakouts_signal_strength	context_regime
T21-16	lines_channels_channels	swing_structure,context_regime
T21-17	leg_counting	swing_structure,lines_channels
T21-18	swing_structure	lines_channels
T21-19	ema_relations	context_regime
T21-20	lines_channels_trendlines	swing_structure,context_regime
T21-21	swing_structure	lines_channels,trade_management
T21-22	swing_structure	lines_channels,context_regime
T21-23	lines_channels_channels	breakouts,context_regime
T21-24	exits_targets	swing_structure,lines_channels,breakouts,context_regime
T21-25	lines_channels_channels	swing_structure,three_push_patterns
T21-26	swing_structure	lines_channels
T21-27	three_push_patterns	leg_counting,bar_anatomy,lines_channels,context_regime
T21-28	leg_counting	bar_anatomy
T21-29	lines_channels_channels	swing_structure,breakouts,context_regime
T21-30	lines_channels_channels	ema_relations,context_regime
T21-31	lines_channels_channels	
T21-32	lines_channels_channels	breakouts
T21-33	bar_anatomy_trend_doji	context_regime
T21-34	lines_channels_channels	bar_anatomy,context_regime
T21-35	context_regime_always_in	time_session,trade_management
T21-36	context_regime_always_in	bar_anatomy,lines_channels
T21-37	bar_anatomy_trend_doji	leg_counting,swing_structure,lines_channels,climax_reversal,context_regime
T21-38	bar_anatomy_trend_doji	breakouts,climax_reversal,context_regime
T21-39	climax_reversal	exits_targets
T21-40	leg_counting	
T21-41	climax_reversal	bar_anatomy,context_regime
T21-42	lines_channels_channels	breakouts,context_regime
T21-43	swing_structure	context_regime
T21-44	swing_structure	lines_channels,breakouts
T21-45	swing_structure	lines_channels
T21-46	exits_targets	breakouts
T21-47	exits_targets	lines_channels,breakouts
T21-48	exits_targets	leg_counting,breakouts
T21-49	breakouts_volume_gap	lines_channels,time_session
T21-50	breakouts_signal_strength	bar_anatomy,context_regime
T21-51	breakouts_signal_strength	bar_anatomy,lines_channels,context_regime
T21-52	ema_relations	context_regime
T21-53	breakouts_signal_strength	bar_anatomy,context_regime
T21-54	breakouts_signal_strength	bar_anatomy,context_regime
T21-55	breakouts_signal_strength	bar_anatomy,context_regime
T21-56	ema_relations	leg_counting
T21-57	ema_relations	bar_anatomy,breakouts,context_regime
T21-58	swing_structure	
T21-59	lines_channels_trendlines	swing_structure,context_regime
T21-60	bar_anatomy_reversal_signal	breakouts,climax_reversal,context_regime
T21-61	context_regime_always_in	
T21-62	lines_channels_channels	
T21-63	breakouts_other	time_session
T21-64	breakouts_other	time_session
T21-65	breakouts_volume_gap	context_regime,time_session
T21-66	swing_structure	breakouts,time_session
T21-67	breakouts_pullback_retest	bar_anatomy,context_regime,time_session
T21-68	misc	
T21-69	bar_anatomy_inside_outside	breakouts
T21-70	bar_anatomy_inside_outside	context_regime
T21-71	leg_counting	bar_anatomy,climax_reversal,context_regime
T21-72	leg_counting	swing_structure,context_regime
T21-73	exits_stops	bar_anatomy
T21-74	breakouts_signal_strength	three_push_patterns
T21-75	climax_reversal	exits_targets,lines_channels
T21-76	exits_targets	
T21-77	exits_targets	swing_structure
T21-78	swing_structure	three_push_patterns,context_regime
T21-79	breakouts_pullback_retest	context_regime
T21-80	bar_anatomy_reversal_signal	
T21-81	lines_channels_trendlines	swing_structure,context_regime
T21-82	lines_channels_channels	swing_structure,breakouts,context_regime
T22-01	time_session	
T22-02	time_session	breakouts
T22-03	breakouts_signal_strength	time_session
T22-04	breakouts_pullback_retest	
T22-05	exits_targets	breakouts,time_session
T22-06	exits_targets	breakouts,context_regime
T22-07	exits_targets	bar_anatomy,breakouts,climax_reversal,context_regime
T22-08	breakouts_pullback_retest	bar_anatomy,context_regime
T22-09	breakouts_pullback_retest	context_regime
T22-10	breakouts_other	swing_structure,context_regime
T22-11	breakouts_signal_strength	context_regime,time_session
T22-12	breakouts_pullback_retest	time_session
T22-13	time_session	context_regime
T22-14	exits_stops	swing_structure,context_regime
T22-15	exits_targets	support_resistance_levels
T22-16	breakouts_other	time_session
T23-01	time_session	
T23-02	swing_structure	breakouts,context_regime,time_session
T23-03	time_session	
T23-04	leg_counting	breakouts
T23-05	breakouts_volume_gap	time_session
T23-06	context_regime_trend_strength	
T23-07	context_regime_trend_strength	
T23-08	context_regime_trend_strength	time_session
T23-09	climax_reversal	leg_counting,bar_anatomy,context_regime
T23-10	bar_anatomy_reversal_signal	context_regime
T23-11	exits_stops	bar_anatomy,swing_structure,lines_channels
T23-12	lines_channels_channels	context_regime
T23-13	breakouts_volume_gap	exits_stops,bar_anatomy,context_regime,time_session
T23-14	breakouts_other	
T23-15	lines_channels_trendlines	swing_structure,context_regime,time_session
T23-16	bar_anatomy_inside_outside	context_regime,time_session
T23-17	context_regime_always_in	
T23-18	exits_targets	leg_counting,context_regime
T23-19	breakouts_signal_strength	bar_anatomy,swing_structure,time_session
T24-01	time_session	
T24-02	breakouts_pullback_retest	context_regime,time_session
T24-03	exits_targets	
T24-04	breakouts_signal_strength	bar_anatomy,context_regime,time_session
T24-05	breakouts_pullback_retest	bar_anatomy,context_regime
T24-06	time_session	
T24-07	breakouts_pullback_retest	context_regime,time_session
T24-08	breakouts_signal_strength	time_session
T24-09	three_push_patterns	
T24-10	exits_targets	leg_counting,three_push_patterns
T24-11	context_regime_trend_strength	
T24-12	misc	
T25-01	time_session	
T25-02	time_session	
T25-03	context_regime_always_in	time_session
T25-04	breakouts_pullback_retest	context_regime,time_session
T25-05	three_push_patterns	context_regime
T25-06	breakouts_pullback_retest	time_session
T25-07	exits_targets	breakouts
T25-08	misc	
T26-01	lines_channels_channels	swing_structure,breakouts
T26-02	breakouts_pullback_retest	lines_channels,context_regime
T26-03	swing_structure	lines_channels
T26-04	leg_counting	lines_channels,breakouts
T26-05	breakouts_pullback_retest	swing_structure,lines_channels
T26-06	exits_targets	swing_structure
T26-07	breakouts_pullback_retest	bar_anatomy,swing_structure,lines_channels,context_regime
T26-08	exits_targets	lines_channels
T26-09	exits_targets	three_push_patterns
